-- MySQL dump 10.13  Distrib 8.0.31, for Win64 (x86_64)
--
-- Host: localhost    Database: studentdata
-- ------------------------------------------------------
-- Server version	8.0.31

/*!40101 SET @OLD_CHARACTER_SET_CLIENT=@@CHARACTER_SET_CLIENT */;
/*!40101 SET @OLD_CHARACTER_SET_RESULTS=@@CHARACTER_SET_RESULTS */;
/*!40101 SET @OLD_COLLATION_CONNECTION=@@COLLATION_CONNECTION */;
/*!50503 SET NAMES utf8mb4 */;
/*!40103 SET @OLD_TIME_ZONE=@@TIME_ZONE */;
/*!40103 SET TIME_ZONE='+00:00' */;
/*!40014 SET @OLD_UNIQUE_CHECKS=@@UNIQUE_CHECKS, UNIQUE_CHECKS=0 */;
/*!40014 SET @OLD_FOREIGN_KEY_CHECKS=@@FOREIGN_KEY_CHECKS, FOREIGN_KEY_CHECKS=0 */;
/*!40101 SET @OLD_SQL_MODE=@@SQL_MODE, SQL_MODE='NO_AUTO_VALUE_ON_ZERO' */;
/*!40111 SET @OLD_SQL_NOTES=@@SQL_NOTES, SQL_NOTES=0 */;

--
-- Table structure for table `main_table`
--

DROP TABLE IF EXISTS `main_table`;
/*!40101 SET @saved_cs_client     = @@character_set_client */;
/*!50503 SET character_set_client = utf8mb4 */;
CREATE TABLE `main_table` (
  `user_id` varchar(5) DEFAULT NULL,
  `name` text,
  `year_1_cgpa` double DEFAULT NULL,
  `year_2_cgpa` double DEFAULT NULL,
  `year_3_cgpa` double DEFAULT NULL,
  `year_4_cgpa` double DEFAULT NULL,
  `sem_1_sgpa` double DEFAULT NULL,
  `sem_2_sgpa` double DEFAULT NULL,
  `sem_3_sgpa` double DEFAULT NULL,
  `sem_4_sgpa` double DEFAULT NULL,
  `sem_5_cgpa` double DEFAULT NULL,
  `sem_6_cgpa` double DEFAULT NULL
) ENGINE=InnoDB DEFAULT CHARSET=utf8mb4 COLLATE=utf8mb4_0900_ai_ci;
/*!40101 SET character_set_client = @saved_cs_client */;

--
-- Dumping data for table `main_table`
--

LOCK TABLES `main_table` WRITE;
/*!40000 ALTER TABLE `main_table` DISABLE KEYS */;
INSERT INTO `main_table` VALUES ('48220','JATIN KAARAAL MOHAN',9.163,7.185,9.74,8.576,7.473,6.682,8.247,9.254,7.291,6.591),('34020','JENNI  GLEETUS',9.138,6.941,8.443,6.795,8.88,7.948,8.436,6.629,6.457,7.695),('34120','JESVIN  JAYAN',8.183,6.687,8.482,8.004,6.946,8.094,8.88,7.722,9.879,7.816),('17420','JESWIN  JOSE',9.018,6.894,7.647,8.699,6.807,8.915,7.198,9.772,8.186,8.151),('23820','JOAN  DAVID',9.833,9.229,6.423,7.546,8.28,8.277,7.034,7.243,8.356,8.117),('34220','JOEL P LALU',8.892,6.662,9.465,7.182,7.581,6.719,7.483,7.892,9.851,6.141),('22020','JOSEPH GLADWIN GEORGE',6.903,9.364,7.765,9.552,6.825,8.236,8.474,7.687,7.363,9.368),('18420','JOSEPHINE  JAMES',7.74,8.103,7.249,6.278,9.44,8.547,6.733,7.506,8.4,6.837),('18220','JOSNA  JOSE',6.685,8.041,7.73,9.083,7.937,6.753,6.753,7.246,8.202,8.753),('30120','JOYAL  DEVASSY',8.364,9.742,6.725,7.951,6.234,9.884,7.991,6.328,6.318,8.141),('19120','KEERTHI  BINU',6.731,7.423,6.747,8.496,6.504,7.396,6.229,9.595,7.827,9.107),('34320','KRISHNANAND  M',7.907,8.836,7.533,7.934,7.817,7.089,6.728,6.7,6.2,8.292),('32220','K  SANJIDHRAHMAN',8.565,6.719,8.323,6.735,9.875,7.705,7.147,8.245,6.133,6.6),('4120','K SHWETHA SUGESH',7.255,8.752,8.947,7.391,7.639,6.368,7,6.141,9.291,6.881),('34420','LEYA  DAPHY',7.591,7.035,6.513,7.744,7.141,8.858,7.038,8.419,7.792,8.97),('34520','LIYA MARY PAUL',8.836,7.268,9.199,9.192,6.575,8.28,7.427,7.561,9.541,8.831),('18020','MALAVIKA.  K',6.171,8.032,9.305,9.638,9.126,6.351,7.248,9.72,6.146,9.49),('48320','MERIN ELSA BIJU',8.86,8.845,9.709,6.741,6.032,9.067,6.761,9.2,6.858,8.226),('25920','MOHAMED  ISHAAN',9.079,9.032,6.505,8.518,9.38,7.624,7.973,6.153,6.696,8.597),('34620','MOHAMMED  RISHAL',9.184,8.067,8.054,7.67,7.278,9.662,9.806,9.876,6.437,8.096),('48420','MOHAMMED  SHIRAZ',6.59,8.129,9.673,8.565,7.339,6.135,8.574,6.974,7.745,8.263),('21220','NADANESWAR  A V',9.365,6.932,7.297,8.234,6.524,7.261,9.614,9.094,8.825,9.054),('22620','NASHITA  NOUSHAD',6.154,9.295,9.264,6.093,7.103,9.399,7.067,7.217,7.022,6.879),('26319','NAVNEETH M NAMBIAR',6.11,6.922,9.092,9.717,6.302,9.768,6.058,6.228,8.319,7.84),('34720','NEETHA  FRANCIS',8.861,9.142,8.968,9.613,9.145,9.748,6.008,7.488,8.459,6.115),('34820','NEHA MARIYA SHAJU',7.466,7.003,7.111,8.233,8.545,7.796,7.081,7.332,7.415,8.573),('14320','NIHALA  KALLIL',7.122,9.844,8.843,7.111,7.807,8.835,9.997,9.119,7.644,6.488),('34920','NIKHIL  RAVI',8.463,8.962,7.134,9.356,7.839,7.86,8.728,7.149,7.615,9.28),('35020','NIRMAL  MICHAEL',6.763,8.162,7.301,9.334,6.315,6.567,8.82,7.689,6.194,6.332),('21920','NITHIN  RAJ',8.281,9.707,8.542,8.342,6.684,6.079,7.054,7.081,8.642,6.936),('48520','PAUL  JOHN',9.052,6.167,6.679,7.959,7.18,7.782,8.004,7.162,9.069,7.836),('35120','PRANAV  PRIYESH',8.785,6.85,6.955,7.272,7.171,8.409,9.346,6.913,8.749,8.839),('20020','P V  KEERTHANA',7.322,6.039,7.613,9.402,6.354,7.423,6.906,8.737,8.542,8.418),('48620','RAINA ELSA BIJU',7.823,9.789,9.906,8.239,8.014,9.852,6.074,9.111,7.867,6.159),('48720','ROHITH  REJU',7.34,8.546,6.697,6.361,6.001,6.49,9.249,6.598,6.524,7.878),('21420','ROSE  BENNY',7.047,6.64,9.308,7.249,7.945,6.233,9.366,7.767,7.045,6.621),('19820','ROSHAN RAFEEQUE V. P.',7.395,7.06,7.252,6.934,6.022,8.115,7.526,8.897,8.734,9.878),('21820','SAFVAN  ABDULLA',9.232,9.104,9.344,7.443,9.39,9.29,7.434,8.542,6.138,9.641),('22320','SAJATHA  ILIAS',7.357,7.108,6.991,6.608,9.608,6.59,6.36,7.777,7.716,9.783),('35220','SALVIN  SIBY',9.732,8.399,9.378,9.755,6.317,6.586,6.739,8.166,9.946,7.022),('21620','SAMANUAI  A',8.234,9.724,7.869,8.077,7.708,9.248,7.627,8.504,6.13,9.792),('35320','SAMUEL  SAJI',7.499,9.662,8.48,9.371,9.174,6.103,6.215,9.552,9.704,6.508),('27120','SANDRA P BINU',6.941,9.762,8.64,6.719,9.969,8.062,7.033,7.748,8.655,9.664),('35420','SEVAGH  V',9.302,8.143,8.937,9.315,8.671,7.458,6.632,6.899,7.513,6.675),('31520','SHADA  S M',9.056,7.698,6.161,9.775,7.677,9.722,8.336,9.752,8.986,8.877),('22120','SHIFA  SAGEER',9.612,6.512,7.241,9.743,9.468,6.163,9.322,6.367,7.403,9.56),('48820','SHINAD  MANSOOR',8.95,9.411,7.041,7.378,9.772,7.556,6.352,9.157,9.007,8.418),('30020','SIVADATH.V.H',9.011,7.839,8.81,9.846,8.026,6.993,6.612,8.029,8.34,7.255),('35520','SMERA  JOSEPH',9.44,8.495,9.105,9.377,9.93,8.61,9.239,7.235,6.675,6.839),('19920','SMRUTHY  S.NAIR',7.851,6.284,8.352,6.806,9.159,8.569,8.243,6.668,7.646,6.772),('18920','SNEHA  JOSEPH',7.172,7.521,9.603,9.613,6.966,8.086,6.857,8.415,8.29,8.185),('31120','SNEHA SIBICHAN GEORGE',8.693,8.984,8.3,8.322,7.294,9.137,9.038,7.138,6.836,7.667),('31420','SREELAKSHMI  VINOD',6.734,7.458,6.133,6.263,9.712,7.171,8.834,6.628,9.643,7.6),('39020','SREERAG  S',7.357,9.799,8.875,8.779,6.963,9.147,6.45,9.951,6.315,6.101),('35620','TESSA  GEORGE',6.611,7.595,7.73,6.969,8.853,6.474,7.445,9.793,7.552,9.98),('07120','TESSA  THANKACHAN',8.357,6.74,8.771,9.914,9.225,9.506,8.45,9.646,6.22,9.755),('26020','VAISHNAVI  REJIKUMAR',6.712,6.412,7.056,9.726,6.704,7.407,7.8,9.863,8.058,8.403),('35720','VIJAY  BHASKAR',9.2,8.404,7.55,6.581,7.125,6.02,6.251,6.474,9.153,9.774),('35820','VISHAL C VARGHESE',6.478,6.058,8.725,8.298,7.063,6.868,8.785,8.442,8.242,7.821),('48920','VISMAYA  PRATHAP',6.301,7.623,7.881,7.205,9.205,6.954,9.419,8.8,8.67,9.909),('18320','VYSHAKH MADHU T',9.322,7.591,6.594,7.037,9.491,7.81,7.757,9.827,6.482,9.771),('16520','YADU KRISHNA N P',6.803,9.553,8.773,7.114,8.554,9.216,9.388,8.033,7.048,7.3);
/*!40000 ALTER TABLE `main_table` ENABLE KEYS */;
UNLOCK TABLES;

--
-- Table structure for table `semester_1`
--

DROP TABLE IF EXISTS `semester_1`;
/*!40101 SET @saved_cs_client     = @@character_set_client */;
/*!50503 SET character_set_client = utf8mb4 */;
CREATE TABLE `semester_1` (
  `user_id` varchar(5) DEFAULT NULL,
  `subject` text,
  `series_1` int DEFAULT NULL,
  `series_2` int DEFAULT NULL,
  `grade` text,
  `total_periods` int DEFAULT NULL,
  `present` int DEFAULT NULL,
  `attendance_percentage` text
) ENGINE=InnoDB DEFAULT CHARSET=utf8mb4 COLLATE=utf8mb4_0900_ai_ci;
/*!40101 SET character_set_client = @saved_cs_client */;

--
-- Dumping data for table `semester_1`
--

LOCK TABLES `semester_1` WRITE;
/*!40000 ALTER TABLE `semester_1` DISABLE KEYS */;
INSERT INTO `semester_1` VALUES ('48220','EST100',43,41,'A+',51,49,'97%'),('48220','EST120',41,49,'C',60,60,'91%'),('48220','HUN101',41,32,'D',52,52,'96%'),('48220','MAT101',37,49,'C',51,51,'96%'),('48220','PHT100',48,42,'C',50,49,'98%'),('34020','EST100',44,33,'A',55,55,'91%'),('34020','EST120',31,32,'B+',52,50,'95%'),('34020','HUN101',36,47,'A+',56,54,'92%'),('34020','MAT101',34,34,'D',60,58,'98%'),('34020','PHT100',37,39,'B+',58,55,'93%'),('34120','EST100',37,46,'A+',58,57,'91%'),('34120','EST120',40,30,'C',50,50,'97%'),('34120','HUN101',42,47,'B',53,51,'98%'),('34120','MAT101',43,46,'C',52,50,'99%'),('34120','PHT100',35,35,'C',56,55,'100%'),('17420','EST100',42,35,'B',54,53,'97%'),('17420','EST120',42,37,'C',58,55,'91%'),('17420','HUN101',41,33,'S',60,58,'98%'),('17420','MAT101',34,43,'C',55,54,'92%'),('17420','PHT100',33,50,'B',59,59,'98%'),('23820','EST100',38,35,'D',53,51,'93%'),('23820','EST120',48,42,'A+',52,52,'100%'),('23820','HUN101',35,42,'B',51,48,'97%'),('23820','MAT101',40,47,'C',55,55,'90%'),('23820','PHT100',46,37,'C+',54,51,'96%'),('34220','EST100',35,50,'A',50,50,'93%'),('34220','EST120',49,31,'C+',55,54,'99%'),('34220','HUN101',33,45,'B',58,55,'100%'),('34220','MAT101',42,40,'A+',59,57,'99%'),('34220','PHT100',31,45,'B',55,52,'93%'),('22020','EST100',33,34,'C',52,50,'97%'),('22020','EST120',30,34,'B+',52,52,'92%'),('22020','HUN101',35,46,'B',51,50,'98%'),('22020','MAT101',39,46,'C+',56,56,'99%'),('22020','PHT100',43,42,'A+',60,59,'91%'),('18420','EST100',43,42,'A',54,54,'99%'),('18420','EST120',49,32,'D',53,51,'93%'),('18420','HUN101',35,42,'A',53,51,'99%'),('18420','MAT101',44,35,'A',52,49,'98%'),('18420','PHT100',35,34,'A',54,52,'100%'),('18220','EST100',38,47,'C+',57,55,'96%'),('18220','EST120',35,45,'A',60,59,'98%'),('18220','HUN101',47,50,'A+',58,58,'93%'),('18220','MAT101',36,36,'A',60,58,'97%'),('18220','PHT100',41,50,'C',56,53,'96%'),('30120','EST100',44,44,'C+',58,55,'98%'),('30120','EST120',50,50,'C',51,50,'97%'),('30120','HUN101',40,48,'D',58,58,'93%'),('30120','MAT101',42,44,'A',60,60,'98%'),('30120','PHT100',43,36,'A+',52,52,'100%'),('19120','EST100',46,35,'B+',58,56,'90%'),('19120','EST120',50,48,'A+',60,57,'91%'),('19120','HUN101',41,45,'B',55,52,'98%'),('19120','MAT101',37,40,'A',55,53,'98%'),('19120','PHT100',45,34,'D',58,56,'95%'),('34320','EST100',31,49,'D',52,49,'98%'),('34320','EST120',50,45,'C+',54,53,'91%'),('34320','HUN101',37,42,'C+',60,57,'99%'),('34320','MAT101',42,35,'A+',53,53,'97%'),('34320','PHT100',32,37,'B',53,50,'93%'),('32220','EST100',47,43,'B',55,53,'91%'),('32220','EST120',43,48,'C+',50,49,'93%'),('32220','HUN101',40,38,'S',56,55,'90%'),('32220','MAT101',35,39,'A+',56,53,'100%'),('32220','PHT100',48,40,'B+',55,53,'93%'),('04120','EST100',34,46,'A',57,54,'90%'),('04120','EST120',32,47,'A+',57,54,'98%'),('04120','HUN101',47,43,'D',50,48,'98%'),('04120','MAT101',31,31,'C+',60,59,'98%'),('04120','PHT100',49,50,'C+',56,53,'99%'),('34420','EST100',40,38,'D',58,58,'97%'),('34420','EST120',45,42,'A+',59,57,'94%'),('34420','HUN101',38,42,'A+',57,57,'91%'),('34420','MAT101',35,36,'C+',56,54,'93%'),('34420','PHT100',30,35,'B+',55,55,'91%'),('34520','EST100',41,30,'B',53,51,'94%'),('34520','EST120',44,49,'B',57,55,'90%'),('34520','HUN101',46,31,'B+',55,52,'100%'),('34520','MAT101',46,30,'B+',56,56,'93%'),('34520','PHT100',36,30,'D',59,59,'94%'),('18020','EST100',49,41,'B',59,58,'97%'),('18020','EST120',36,47,'B',56,53,'97%'),('18020','HUN101',30,46,'A',51,49,'92%'),('18020','MAT101',48,49,'A',53,52,'96%'),('18020','PHT100',30,48,'S',54,51,'96%'),('48320','EST100',43,50,'C+',60,58,'91%'),('48320','EST120',46,50,'B',51,49,'92%'),('48320','HUN101',38,35,'A',59,59,'94%'),('48320','MAT101',31,33,'A',57,56,'96%'),('48320','PHT100',32,39,'S',57,54,'95%'),('25920','EST100',37,40,'A',52,50,'91%'),('25920','EST120',47,32,'S',60,57,'100%'),('25920','HUN101',41,48,'A+',59,59,'92%'),('25920','MAT101',36,44,'B',58,55,'94%'),('25920','PHT100',48,33,'D',56,56,'92%'),('34620','EST100',36,41,'A',57,54,'90%'),('34620','EST120',37,33,'S',53,53,'95%'),('34620','HUN101',40,46,'C',51,49,'97%'),('34620','MAT101',37,35,'B+',53,50,'92%'),('34620','PHT100',38,39,'D',59,56,'97%'),('48420','EST100',36,50,'S',50,49,'94%'),('48420','EST120',34,35,'C',60,58,'100%'),('48420','HUN101',33,49,'B+',56,54,'95%'),('48420','MAT101',48,30,'D',54,54,'90%'),('48420','PHT100',36,47,'C',52,52,'97%'),('21220','EST100',35,44,'A+',56,53,'95%'),('21220','EST120',33,47,'B',50,48,'96%'),('21220','HUN101',43,38,'D',52,49,'97%'),('21220','MAT101',30,31,'A',56,56,'90%'),('21220','PHT100',33,39,'A',52,51,'95%'),('22620','EST100',47,46,'C',59,56,'100%'),('22620','EST120',41,46,'S',60,59,'93%'),('22620','HUN101',48,37,'D',58,57,'97%'),('22620','MAT101',44,41,'B',58,55,'94%'),('22620','PHT100',49,44,'C',59,58,'96%'),('26320','EST100',37,49,'C+',58,55,'92%'),('26320','EST120',32,37,'B+',55,53,'95%'),('26320','HUN101',34,36,'S',52,49,'98%'),('26320','MAT101',46,30,'S',56,53,'93%'),('26320','PHT100',46,36,'C+',50,50,'95%'),('34720','EST100',49,48,'A',57,55,'92%'),('34720','EST120',39,31,'C',55,52,'94%'),('34720','HUN101',30,43,'C+',54,52,'94%'),('34720','MAT101',30,42,'A',56,56,'95%'),('34720','PHT100',47,38,'A+',59,57,'94%'),('34820','EST100',33,32,'B',59,59,'96%'),('34820','EST120',45,49,'C+',58,55,'93%'),('34820','HUN101',33,47,'B',58,57,'99%'),('34820','MAT101',50,35,'S',55,53,'98%'),('34820','PHT100',39,34,'B',59,59,'91%'),('14320','EST100',40,35,'A+',57,57,'90%'),('14320','EST120',47,30,'B+',54,52,'98%'),('14320','HUN101',36,37,'B+',59,59,'90%'),('14320','MAT101',50,31,'C+',59,57,'98%'),('14320','PHT100',47,48,'D',60,58,'98%'),('34920','EST100',30,43,'C',57,54,'94%'),('34920','EST120',46,38,'C',60,58,'100%'),('34920','HUN101',37,30,'B+',51,50,'91%'),('34920','MAT101',32,44,'D',58,55,'95%'),('34920','PHT100',47,46,'C',50,48,'95%'),('35020','EST100',31,33,'B',55,53,'100%'),('35020','EST120',42,34,'C',57,56,'93%'),('35020','HUN101',34,47,'C',58,57,'92%'),('35020','MAT101',30,40,'A',52,51,'91%'),('35020','PHT100',43,42,'B',57,55,'94%'),('21920','EST100',30,47,'C',58,55,'100%'),('21920','EST120',38,40,'C',53,50,'92%'),('21920','HUN101',32,39,'B',56,56,'92%'),('21920','MAT101',38,33,'D',60,60,'96%'),('21920','PHT100',45,40,'C+',56,54,'95%'),('48520','EST100',40,47,'A+',53,53,'90%'),('48520','EST120',48,50,'C+',52,49,'99%'),('48520','HUN101',39,47,'C+',51,51,'96%'),('48520','MAT101',39,49,'D',56,53,'98%'),('48520','PHT100',48,45,'C',51,50,'97%'),('35120','EST100',46,48,'A',51,49,'97%'),('35120','EST120',39,33,'C',58,55,'98%'),('35120','HUN101',35,40,'S',58,56,'95%'),('35120','MAT101',49,31,'S',58,57,'98%'),('35120','PHT100',36,32,'C',59,56,'91%'),('20020','EST100',45,38,'D',50,47,'97%'),('20020','EST120',48,47,'D',51,49,'99%'),('20020','HUN101',41,50,'C+',58,55,'98%'),('20020','MAT101',42,37,'S',59,57,'96%'),('20020','PHT100',40,33,'D',60,60,'98%'),('48620','EST100',44,39,'C',52,49,'98%'),('48620','EST120',37,45,'B+',51,49,'94%'),('48620','HUN101',40,50,'B',54,54,'98%'),('48620','MAT101',48,45,'C',50,49,'96%'),('48620','PHT100',32,48,'D',51,48,'95%'),('48720','EST100',32,34,'A+',53,52,'100%'),('48720','EST120',37,50,'B+',53,53,'94%'),('48720','HUN101',48,48,'D',50,48,'100%'),('48720','MAT101',45,32,'D',53,53,'95%'),('48720','PHT100',48,37,'A',57,54,'95%'),('21420','EST100',46,41,'S',50,50,'92%'),('21420','EST120',41,47,'S',53,51,'90%'),('21420','HUN101',30,50,'A+',54,51,'90%'),('21420','MAT101',41,50,'C',54,51,'98%'),('21420','PHT100',46,38,'B+',50,50,'96%'),('19820','EST100',36,46,'B+',55,53,'90%'),('19820','EST120',49,37,'C+',58,57,'100%'),('19820','HUN101',43,31,'B+',59,58,'97%'),('19820','MAT101',50,42,'B',60,59,'91%'),('19820','PHT100',33,33,'D',50,47,'94%'),('21820','EST100',36,46,'B',50,48,'94%'),('21820','EST120',35,36,'A+',55,54,'94%'),('21820','HUN101',35,50,'S',50,50,'92%'),('21820','MAT101',33,47,'C+',51,50,'90%'),('21820','PHT100',45,41,'C',50,48,'99%'),('22320','EST100',43,46,'C',52,49,'98%'),('22320','EST120',37,31,'A',50,50,'97%'),('22320','HUN101',39,43,'A',60,58,'98%'),('22320','MAT101',40,30,'B',50,48,'90%'),('22320','PHT100',30,36,'A',54,53,'97%'),('35220','EST100',32,45,'S',56,53,'98%'),('35220','EST120',30,44,'A',56,55,'99%'),('35220','HUN101',45,41,'D',60,58,'92%'),('35220','MAT101',49,33,'C',53,51,'91%'),('35220','PHT100',34,37,'D',51,48,'93%'),('21620','EST100',33,47,'A+',54,52,'100%'),('21620','EST120',34,39,'B',50,50,'100%'),('21620','HUN101',39,31,'C',56,55,'96%'),('21620','MAT101',35,31,'C+',59,58,'92%'),('21620','PHT100',47,32,'C',55,54,'96%'),('35320','EST100',50,50,'S',53,50,'100%'),('35320','EST120',50,41,'B+',58,55,'94%'),('35320','HUN101',37,33,'C+',58,57,'100%'),('35320','MAT101',35,37,'A',58,58,'97%'),('35320','PHT100',50,39,'D',53,50,'100%'),('27120','EST100',44,48,'A',51,51,'93%'),('27120','EST120',43,38,'B',52,51,'91%'),('27120','HUN101',49,40,'D',56,55,'99%'),('27120','MAT101',48,34,'C',51,50,'91%'),('27120','PHT100',32,39,'A+',58,56,'100%'),('35420','EST100',42,37,'C+',54,53,'100%'),('35420','EST120',44,31,'A',59,56,'98%'),('35420','HUN101',40,39,'A',50,47,'94%'),('35420','MAT101',41,40,'B+',51,49,'93%'),('35420','PHT100',33,46,'C+',59,59,'100%'),('31520','EST100',35,47,'B',54,52,'100%'),('31520','EST120',37,31,'D',50,50,'91%'),('31520','HUN101',30,43,'C',55,55,'95%'),('31520','MAT101',50,44,'B',57,54,'91%'),('31520','PHT100',38,33,'A',55,52,'97%'),('22120','EST100',39,34,'A',50,47,'100%'),('22120','EST120',46,49,'A',54,51,'100%'),('22120','HUN101',42,38,'C+',57,55,'91%'),('22120','MAT101',36,40,'A+',57,57,'97%'),('22120','PHT100',36,30,'B',55,52,'91%'),('48820','EST100',42,33,'C',57,54,'95%'),('48820','EST120',31,50,'B',60,59,'100%'),('48820','HUN101',49,30,'A',58,56,'92%'),('48820','MAT101',49,43,'A+',52,49,'92%'),('48820','PHT100',46,50,'B',59,56,'99%'),('30020','EST100',49,38,'D',59,58,'96%'),('30020','EST120',47,50,'B+',54,51,'90%'),('30020','HUN101',33,40,'B+',51,49,'100%'),('30020','MAT101',41,46,'B+',58,55,'97%'),('30020','PHT100',31,47,'D',57,57,'99%'),('35520','EST100',46,43,'C',56,53,'92%'),('35520','EST120',46,43,'B+',53,50,'97%'),('35520','HUN101',49,41,'B+',55,55,'90%'),('35520','MAT101',47,45,'D',57,56,'96%'),('35520','PHT100',49,34,'B+',51,50,'96%'),('19920','EST100',50,38,'C+',60,57,'98%'),('19920','EST120',40,31,'B+',59,58,'100%'),('19920','HUN101',31,42,'C+',52,50,'90%'),('19920','MAT101',46,45,'B+',55,53,'94%'),('19920','PHT100',33,43,'C',57,55,'95%'),('18920','EST100',39,50,'A',54,53,'97%'),('18920','EST120',47,33,'S',56,54,'94%'),('18920','HUN101',39,30,'C+',55,52,'98%'),('18920','MAT101',49,34,'B+',54,54,'93%'),('18920','PHT100',41,48,'B+',55,53,'91%'),('31120','EST100',48,31,'C',53,50,'93%'),('31120','EST120',47,30,'D',57,55,'98%'),('31120','HUN101',50,50,'C',55,54,'97%'),('31120','MAT101',35,48,'A+',52,50,'99%'),('31120','PHT100',39,45,'A+',54,53,'100%'),('31420','EST100',45,45,'S',57,54,'95%'),('31420','EST120',49,35,'D',60,59,'95%'),('31420','HUN101',39,37,'A+',58,55,'91%'),('31420','MAT101',35,31,'B+',60,60,'91%'),('31420','PHT100',44,35,'B',50,47,'96%'),('39020','EST100',46,46,'B',60,60,'97%'),('39020','EST120',40,34,'B+',60,60,'94%'),('39020','HUN101',32,49,'D',60,58,'93%'),('39020','MAT101',50,48,'S',54,54,'98%'),('39020','PHT100',35,46,'A+',50,48,'96%'),('35620','EST100',33,44,'C',60,60,'96%'),('35620','EST120',45,38,'A+',55,53,'96%'),('35620','HUN101',47,43,'A',53,53,'92%'),('35620','MAT101',38,41,'D',58,56,'97%'),('35620','PHT100',44,31,'C+',51,49,'97%'),('07120','EST100',44,34,'B',50,50,'100%'),('07120','EST120',30,34,'D',54,54,'93%'),('07120','HUN101',42,46,'A',54,52,'100%'),('07120','MAT101',38,45,'C+',56,56,'95%'),('07120','PHT100',44,42,'B+',58,56,'100%'),('26020','EST100',43,44,'B',53,52,'97%'),('26020','EST120',50,34,'B+',53,51,'95%'),('26020','HUN101',46,45,'S',58,58,'91%'),('26020','MAT101',32,40,'B',56,53,'94%'),('26020','PHT100',30,32,'S',56,54,'93%'),('35720','EST100',32,40,'A',54,51,'95%'),('35720','EST120',38,37,'B',50,49,'91%'),('35720','HUN101',31,42,'S',52,52,'92%'),('35720','MAT101',37,38,'B+',58,55,'100%'),('35720','PHT100',40,37,'S',54,52,'100%'),('35820','EST100',38,34,'B',55,53,'97%'),('35820','EST120',38,34,'A',58,55,'97%'),('35820','HUN101',37,43,'D',57,57,'94%'),('35820','MAT101',31,36,'A+',54,51,'97%'),('35820','PHT100',45,44,'D',58,56,'98%'),('48920','EST100',44,50,'C',51,51,'91%'),('48920','EST120',35,34,'S',50,47,'100%'),('48920','HUN101',36,37,'C+',50,49,'93%'),('48920','MAT101',36,48,'B+',54,52,'97%'),('48920','PHT100',38,41,'D',58,56,'98%'),('18320','EST100',30,47,'A+',51,50,'95%'),('18320','EST120',38,40,'D',54,52,'99%'),('18320','HUN101',31,42,'C+',56,53,'96%'),('18320','MAT101',44,50,'C',60,57,'90%'),('18320','PHT100',39,46,'A+',54,54,'98%'),('16520','EST100',36,32,'D',52,50,'91%'),('16520','EST120',31,43,'B+',53,52,'95%'),('16520','HUN101',32,48,'C',58,58,'93%'),('16520','MAT101',36,37,'C+',56,55,'97%'),('16520','PHT100',50,38,'B',57,57,'92%');
/*!40000 ALTER TABLE `semester_1` ENABLE KEYS */;
UNLOCK TABLES;

--
-- Table structure for table `semester_2`
--

DROP TABLE IF EXISTS `semester_2`;
/*!40101 SET @saved_cs_client     = @@character_set_client */;
/*!50503 SET character_set_client = utf8mb4 */;
CREATE TABLE `semester_2` (
  `user_id` varchar(5) DEFAULT NULL,
  `subject` text,
  `series_1` int DEFAULT NULL,
  `series_2` int DEFAULT NULL,
  `grade` text,
  `total_periods` int DEFAULT NULL,
  `present` int DEFAULT NULL,
  `attendance_percentage` text
) ENGINE=InnoDB DEFAULT CHARSET=utf8mb4 COLLATE=utf8mb4_0900_ai_ci;
/*!40101 SET character_set_client = @saved_cs_client */;

--
-- Dumping data for table `semester_2`
--

LOCK TABLES `semester_2` WRITE;
/*!40000 ALTER TABLE `semester_2` DISABLE KEYS */;
INSERT INTO `semester_2` VALUES ('48220','CYT100',50,43,'S',59,57,'93%'),('48220','EST102',41,35,'A',58,56,'99%'),('48220','EST110',49,40,'S',50,47,'98%'),('48220','EST130',48,48,'A+',52,52,'93%'),('48220','HUN102',44,50,'B+',58,58,'100%'),('34020','CYT100',48,32,'B',51,51,'91%'),('34020','EST102',47,46,'C',52,50,'98%'),('34020','EST110',49,41,'A',53,51,'91%'),('34020','EST130',35,48,'A+',60,60,'91%'),('34020','HUN102',35,33,'B+',57,55,'99%'),('34120','CYT100',43,44,'C+',52,52,'98%'),('34120','EST102',48,49,'C+',53,50,'99%'),('34120','EST110',43,38,'A+',60,58,'99%'),('34120','EST130',46,50,'C',56,54,'94%'),('34120','HUN102',45,39,'B+',51,50,'91%'),('17420','CYT100',48,38,'A+',55,53,'93%'),('17420','EST102',37,38,'A+',53,50,'100%'),('17420','EST110',31,36,'A',54,54,'94%'),('17420','EST130',50,39,'S',55,52,'99%'),('17420','HUN102',45,49,'C+',52,49,'97%'),('23820','CYT100',47,40,'D',56,53,'96%'),('23820','EST102',42,47,'A',51,48,'97%'),('23820','EST110',38,48,'D',51,49,'100%'),('23820','EST130',31,33,'A',52,52,'94%'),('23820','HUN102',39,32,'B+',52,52,'92%'),('34220','CYT100',34,47,'C+',59,58,'96%'),('34220','EST102',35,48,'C+',58,57,'91%'),('34220','EST110',49,45,'A+',60,58,'96%'),('34220','EST130',50,39,'A',60,60,'94%'),('34220','HUN102',50,35,'S',59,58,'97%'),('22020','CYT100',49,37,'C+',55,55,'96%'),('22020','EST102',30,48,'B+',53,50,'96%'),('22020','EST110',42,40,'D',57,57,'92%'),('22020','EST130',49,40,'B',50,49,'100%'),('22020','HUN102',36,32,'C+',58,58,'91%'),('18420','CYT100',41,46,'C',58,58,'99%'),('18420','EST102',33,36,'S',51,50,'99%'),('18420','EST110',34,40,'D',52,52,'90%'),('18420','EST130',31,50,'A',58,57,'95%'),('18420','HUN102',30,31,'B+',54,52,'94%'),('18220','CYT100',46,32,'B+',56,54,'96%'),('18220','EST102',44,42,'D',53,50,'96%'),('18220','EST110',46,36,'S',51,50,'100%'),('18220','EST130',30,33,'A',59,57,'91%'),('18220','HUN102',42,50,'C',59,56,'96%'),('30120','CYT100',37,41,'D',55,54,'92%'),('30120','EST102',35,43,'S',50,48,'98%'),('30120','EST110',47,32,'B+',52,52,'97%'),('30120','EST130',36,45,'C',57,57,'96%'),('30120','HUN102',34,46,'B',57,57,'91%'),('19120','CYT100',35,42,'S',50,49,'95%'),('19120','EST102',46,39,'B',57,56,'97%'),('19120','EST110',32,39,'D',59,59,'99%'),('19120','EST130',34,41,'B',53,53,'99%'),('19120','HUN102',50,38,'S',55,52,'92%'),('34320','CYT100',31,42,'C',59,57,'99%'),('34320','EST102',44,34,'S',52,51,'95%'),('34320','EST110',50,42,'A+',55,53,'94%'),('34320','EST130',33,42,'S',54,54,'99%'),('34320','HUN102',44,43,'A',52,49,'98%'),('32220','CYT100',47,46,'C',51,51,'93%'),('32220','EST102',45,34,'A+',56,54,'94%'),('32220','EST110',33,32,'B',58,56,'91%'),('32220','EST130',49,45,'A+',50,50,'94%'),('32220','HUN102',32,36,'B+',60,60,'100%'),('04120','CYT100',40,31,'A+',57,54,'96%'),('04120','EST102',48,49,'C',59,58,'93%'),('04120','EST110',39,49,'C',57,55,'90%'),('04120','EST130',30,35,'B+',52,50,'91%'),('04120','HUN102',50,41,'B+',55,52,'99%'),('34420','CYT100',40,40,'D',51,50,'98%'),('34420','EST102',41,38,'C+',51,48,'94%'),('34420','EST110',30,47,'D',60,60,'94%'),('34420','EST130',42,40,'C',60,60,'93%'),('34420','HUN102',41,35,'A',53,50,'94%'),('34520','CYT100',42,36,'A+',53,53,'94%'),('34520','EST102',37,36,'B',57,56,'95%'),('34520','EST110',42,30,'D',51,51,'94%'),('34520','EST130',31,42,'C+',57,54,'95%'),('34520','HUN102',32,46,'C+',53,53,'99%'),('18020','CYT100',30,42,'A+',60,59,'98%'),('18020','EST102',45,30,'A',51,50,'90%'),('18020','EST110',33,45,'C',60,58,'95%'),('18020','EST130',34,41,'S',53,51,'91%'),('18020','HUN102',31,31,'B',51,49,'100%'),('48320','CYT100',42,48,'D',60,59,'94%'),('48320','EST102',39,30,'C+',54,53,'94%'),('48320','EST110',45,45,'S',53,53,'100%'),('48320','EST130',40,41,'D',60,57,'95%'),('48320','HUN102',45,36,'C+',59,58,'96%'),('25920','CYT100',38,41,'C',57,57,'95%'),('25920','EST102',30,36,'B+',57,56,'97%'),('25920','EST110',42,37,'C',60,60,'99%'),('25920','EST130',41,35,'A',58,56,'97%'),('25920','HUN102',47,30,'D',60,60,'92%'),('34620','CYT100',36,44,'D',57,56,'98%'),('34620','EST102',50,47,'C',52,51,'94%'),('34620','EST110',49,47,'S',53,53,'95%'),('34620','EST130',48,46,'B+',60,57,'96%'),('34620','HUN102',36,40,'B',56,56,'99%'),('48420','CYT100',41,48,'D',58,57,'95%'),('48420','EST102',37,41,'C',56,54,'93%'),('48420','EST110',31,49,'A+',59,56,'93%'),('48420','EST130',37,38,'C',56,55,'90%'),('48420','HUN102',37,43,'C+',58,57,'97%'),('21220','CYT100',48,37,'A+',54,54,'91%'),('21220','EST102',34,37,'C',56,54,'99%'),('21220','EST110',36,34,'B',55,55,'93%'),('21220','EST130',38,36,'C',59,59,'99%'),('21220','HUN102',33,47,'D',51,49,'92%'),('22620','CYT100',45,39,'A',59,56,'92%'),('22620','EST102',35,47,'D',53,52,'90%'),('22620','EST110',44,43,'A+',59,58,'96%'),('22620','EST130',34,46,'C+',50,49,'95%'),('22620','HUN102',44,45,'B+',56,55,'93%'),('26320','CYT100',32,33,'B',55,55,'98%'),('26320','EST102',39,43,'C',52,52,'94%'),('26320','EST110',40,44,'D',51,50,'98%'),('26320','EST130',35,49,'B',56,53,'98%'),('26320','HUN102',39,33,'B',51,48,'91%'),('34720','CYT100',32,38,'C',55,55,'92%'),('34720','EST102',33,33,'S',60,60,'94%'),('34720','EST110',40,41,'C',52,52,'91%'),('34720','EST130',35,48,'B+',58,57,'90%'),('34720','HUN102',49,37,'D',58,56,'98%'),('34820','CYT100',32,48,'D',58,55,'98%'),('34820','EST102',42,33,'C+',60,59,'100%'),('34820','EST110',39,47,'A+',59,56,'99%'),('34820','EST130',48,36,'C+',59,59,'91%'),('34820','HUN102',36,34,'C',60,57,'100%'),('14320','CYT100',33,33,'D',57,57,'95%'),('14320','EST102',47,50,'A+',50,47,'94%'),('14320','EST110',44,49,'D',52,50,'98%'),('14320','EST130',34,34,'S',57,57,'90%'),('14320','HUN102',39,49,'A',52,52,'91%'),('34920','CYT100',44,38,'C+',52,50,'90%'),('34920','EST102',48,46,'C',55,54,'96%'),('34920','EST110',32,40,'B',57,54,'98%'),('34920','EST130',32,46,'S',52,51,'95%'),('34920','HUN102',31,47,'S',57,54,'91%'),('35020','CYT100',30,48,'D',60,60,'96%'),('35020','EST102',35,32,'A',54,51,'94%'),('35020','EST110',49,43,'A',53,50,'92%'),('35020','EST130',49,46,'S',56,53,'100%'),('35020','HUN102',49,42,'S',60,57,'99%'),('21920','CYT100',33,31,'A',55,53,'98%'),('21920','EST102',46,31,'A+',58,55,'97%'),('21920','EST110',39,50,'D',58,56,'99%'),('21920','EST130',50,30,'B+',51,50,'96%'),('21920','HUN102',35,34,'A+',59,59,'95%'),('48520','CYT100',39,48,'A+',55,54,'95%'),('48520','EST102',38,31,'A+',58,56,'94%'),('48520','EST110',39,41,'A',56,53,'93%'),('48520','EST130',33,36,'D',53,52,'91%'),('48520','HUN102',46,36,'D',59,59,'93%'),('35120','CYT100',39,47,'B',58,56,'90%'),('35120','EST102',31,48,'A',54,52,'96%'),('35120','EST110',47,44,'D',55,52,'94%'),('35120','EST130',39,36,'C+',60,59,'91%'),('35120','HUN102',48,41,'A',59,59,'97%'),('20020','CYT100',37,47,'D',54,52,'100%'),('20020','EST102',44,37,'A+',53,51,'92%'),('20020','EST110',38,36,'C+',59,56,'90%'),('20020','EST130',43,47,'A+',51,48,'98%'),('20020','HUN102',37,31,'C+',50,47,'99%'),('48620','CYT100',49,41,'B+',55,52,'94%'),('48620','EST102',36,40,'S',54,51,'94%'),('48620','EST110',37,41,'B+',51,48,'98%'),('48620','EST130',50,31,'C',50,48,'100%'),('48620','HUN102',35,49,'D',60,57,'90%'),('48720','CYT100',47,41,'A',56,54,'96%'),('48720','EST102',37,30,'B+',57,54,'96%'),('48720','EST110',48,49,'A',51,48,'99%'),('48720','EST130',32,32,'B',57,56,'98%'),('48720','HUN102',41,42,'B+',60,59,'95%'),('21420','CYT100',40,34,'B+',53,53,'91%'),('21420','EST102',40,31,'A',52,52,'90%'),('21420','EST110',34,49,'B',59,58,'92%'),('21420','EST130',48,34,'C+',57,54,'90%'),('21420','HUN102',45,45,'A',53,51,'90%'),('19820','CYT100',50,37,'B+',53,51,'92%'),('19820','EST102',33,48,'A',59,56,'91%'),('19820','EST110',31,47,'B',60,57,'100%'),('19820','EST130',38,35,'D',56,54,'95%'),('19820','HUN102',47,38,'D',58,58,'99%'),('21820','CYT100',41,32,'B+',58,56,'99%'),('21820','EST102',46,39,'B+',56,55,'91%'),('21820','EST110',41,47,'B',55,55,'92%'),('21820','EST130',37,46,'D',58,57,'90%'),('21820','HUN102',44,40,'C',51,49,'100%'),('22320','CYT100',33,43,'B',54,54,'93%'),('22320','EST102',41,32,'A',60,60,'90%'),('22320','EST110',45,48,'B',50,48,'91%'),('22320','EST130',43,32,'B+',56,55,'95%'),('22320','HUN102',38,35,'C+',57,54,'95%'),('35220','CYT100',48,43,'A',59,57,'96%'),('35220','EST102',37,50,'A+',53,50,'100%'),('35220','EST110',44,32,'B+',55,52,'96%'),('35220','EST130',38,34,'C+',51,50,'97%'),('35220','HUN102',36,30,'C',55,54,'98%'),('21620','CYT100',43,36,'S',59,56,'95%'),('21620','EST102',47,35,'B+',57,54,'92%'),('21620','EST110',33,49,'D',60,57,'94%'),('21620','EST130',31,37,'C+',58,55,'99%'),('21620','HUN102',32,38,'C',56,55,'96%'),('35320','CYT100',43,41,'A+',59,57,'91%'),('35320','EST102',44,34,'B+',50,50,'93%'),('35320','EST110',50,36,'C+',53,52,'97%'),('35320','EST130',32,49,'D',60,60,'98%'),('35320','HUN102',38,49,'A+',54,54,'93%'),('27120','CYT100',34,46,'D',52,49,'90%'),('27120','EST102',31,33,'D',51,51,'92%'),('27120','EST110',31,49,'B',55,53,'92%'),('27120','EST130',42,42,'C',55,54,'90%'),('27120','HUN102',34,33,'D',58,57,'98%'),('35420','CYT100',33,32,'C+',59,59,'92%'),('35420','EST102',39,38,'A',55,53,'91%'),('35420','EST110',39,47,'A',51,49,'90%'),('35420','EST130',33,44,'C+',60,58,'91%'),('35420','HUN102',41,47,'A',52,50,'95%'),('31520','CYT100',47,30,'B',55,53,'100%'),('31520','EST102',48,34,'A',52,51,'91%'),('31520','EST110',30,36,'A+',57,54,'96%'),('31520','EST130',40,43,'C',57,56,'100%'),('31520','HUN102',49,35,'C+',56,56,'100%'),('22120','CYT100',34,50,'C+',58,57,'95%'),('22120','EST102',47,44,'A+',57,54,'97%'),('22120','EST110',44,37,'C+',58,58,'95%'),('22120','EST130',33,44,'D',56,56,'98%'),('22120','HUN102',36,34,'A',60,60,'92%'),('48820','CYT100',33,50,'S',60,58,'94%'),('48820','EST102',39,30,'A',56,54,'90%'),('48820','EST110',41,48,'S',56,56,'99%'),('48820','EST130',47,36,'C+',60,60,'91%'),('48820','HUN102',43,38,'C+',55,53,'98%'),('30020','CYT100',36,39,'C',53,53,'100%'),('30020','EST102',43,41,'B',56,56,'92%'),('30020','EST110',40,38,'A+',60,57,'96%'),('30020','EST130',30,50,'A',53,51,'91%'),('30020','HUN102',32,32,'A',58,57,'94%'),('35520','CYT100',49,41,'A+',50,49,'93%'),('35520','EST102',43,42,'D',50,48,'98%'),('35520','EST110',43,41,'S',54,52,'99%'),('35520','EST130',39,45,'A+',51,50,'90%'),('35520','HUN102',36,31,'A+',56,56,'95%'),('19920','CYT100',34,36,'S',60,57,'90%'),('19920','EST102',33,47,'S',52,52,'92%'),('19920','EST110',47,31,'B+',56,55,'92%'),('19920','EST130',47,30,'C+',58,55,'95%'),('19920','HUN102',36,46,'B+',59,57,'91%'),('18920','CYT100',46,35,'B',55,53,'100%'),('18920','EST102',35,49,'A+',54,51,'91%'),('18920','EST110',33,47,'A+',52,50,'91%'),('18920','EST130',48,41,'C',50,49,'95%'),('18920','HUN102',46,50,'A+',53,50,'96%'),('31120','CYT100',40,31,'B',54,54,'100%'),('31120','EST102',50,48,'A+',50,49,'93%'),('31120','EST110',33,38,'D',52,51,'91%'),('31120','EST130',33,37,'A+',50,49,'90%'),('31120','HUN102',33,31,'D',59,59,'90%'),('31420','CYT100',35,40,'S',56,55,'92%'),('31420','EST102',50,47,'S',51,50,'96%'),('31420','EST110',41,49,'A',53,52,'99%'),('31420','EST130',44,43,'D',59,56,'99%'),('31420','HUN102',33,47,'C+',51,50,'92%'),('39020','CYT100',43,35,'D',53,51,'99%'),('39020','EST102',35,44,'B',51,49,'100%'),('39020','EST110',44,30,'C+',57,54,'97%'),('39020','EST130',43,36,'A+',55,54,'100%'),('39020','HUN102',50,47,'C+',59,58,'90%'),('35620','CYT100',39,35,'B',54,53,'97%'),('35620','EST102',43,40,'S',57,56,'98%'),('35620','EST110',38,41,'B+',57,57,'92%'),('35620','EST130',41,46,'B',50,48,'100%'),('35620','HUN102',40,47,'B',55,55,'93%'),('07120','CYT100',32,49,'B+',56,56,'98%'),('07120','EST102',40,44,'A+',56,55,'93%'),('07120','EST110',38,49,'C+',59,57,'91%'),('07120','EST130',45,30,'A',60,59,'100%'),('07120','HUN102',38,33,'S',50,47,'95%'),('26020','CYT100',37,41,'S',57,54,'96%'),('26020','EST102',49,35,'B',51,50,'94%'),('26020','EST110',50,43,'C+',50,50,'91%'),('26020','EST130',50,42,'A+',55,55,'98%'),('26020','HUN102',44,42,'D',52,49,'98%'),('35720','CYT100',43,32,'S',50,48,'90%'),('35720','EST102',48,44,'A',54,51,'99%'),('35720','EST110',30,50,'C',52,52,'97%'),('35720','EST130',39,36,'D',55,53,'97%'),('35720','HUN102',37,32,'A',58,58,'98%'),('35820','CYT100',40,36,'A',60,58,'92%'),('35820','EST102',41,42,'A',55,52,'94%'),('35820','EST110',40,47,'A+',50,48,'100%'),('35820','EST130',35,34,'D',59,59,'100%'),('35820','HUN102',31,45,'C',58,57,'99%'),('48920','CYT100',33,31,'B+',54,52,'95%'),('48920','EST102',49,39,'A+',60,58,'100%'),('48920','EST110',37,49,'B',52,49,'96%'),('48920','EST130',36,50,'A',56,53,'99%'),('48920','HUN102',47,48,'C+',56,56,'100%'),('18320','CYT100',35,38,'A+',51,50,'94%'),('18320','EST102',41,40,'S',54,53,'97%'),('18320','EST110',47,41,'A+',52,52,'91%'),('18320','EST130',31,33,'B',59,59,'91%'),('18320','HUN102',44,47,'C',55,52,'97%'),('16520','CYT100',48,47,'B',50,50,'94%'),('16520','EST102',32,41,'D',56,56,'92%'),('16520','EST110',45,46,'C',58,56,'97%'),('16520','EST130',32,40,'B+',56,54,'92%'),('16520','HUN102',34,41,'C',60,57,'95%');
/*!40000 ALTER TABLE `semester_2` ENABLE KEYS */;
UNLOCK TABLES;

--
-- Table structure for table `semester_3`
--

DROP TABLE IF EXISTS `semester_3`;
/*!40101 SET @saved_cs_client     = @@character_set_client */;
/*!50503 SET character_set_client = utf8mb4 */;
CREATE TABLE `semester_3` (
  `user_id` varchar(5) DEFAULT NULL,
  `subject` text,
  `series_1` int DEFAULT NULL,
  `series_2` int DEFAULT NULL,
  `grade` text,
  `total_periods` int DEFAULT NULL,
  `present` int DEFAULT NULL,
  `attendance_percentage` text
) ENGINE=InnoDB DEFAULT CHARSET=utf8mb4 COLLATE=utf8mb4_0900_ai_ci;
/*!40101 SET character_set_client = @saved_cs_client */;

--
-- Dumping data for table `semester_3`
--

LOCK TABLES `semester_3` WRITE;
/*!40000 ALTER TABLE `semester_3` DISABLE KEYS */;
INSERT INTO `semester_3` VALUES ('48220','CST201',33,33,'A+',54,44,'82%'),('48220','CST203',24,42,'P',63,63,'84%'),('48220','CST205',45,39,'P',57,56,'95%'),('48220','HUT200',21,20,'C',70,70,'75%'),('48220','MAT203',29,29,'P',42,32,'75%'),('48220','MCN201',49,50,'A',42,35,'92%'),('34020','CST201',37,43,'A',54,49,'98%'),('34020','CST203',45,24,'D',43,33,'85%'),('34020','CST205',49,36,'D',43,40,'96%'),('34020','HUT200',44,43,'C+',53,47,'87%'),('34020','MAT203',30,39,'A',70,62,'81%'),('34020','MCN201',47,21,'A',68,62,'98%'),('34120','CST201',48,25,'D',40,37,'84%'),('34120','CST203',31,20,'S',64,58,'99%'),('34120','CST205',23,28,'P',68,62,'100%'),('34120','HUT200',44,22,'B+',46,36,'87%'),('34120','MAT203',40,29,'B+',57,51,'85%'),('34120','MCN201',26,27,'P',70,70,'89%'),('17420','CST201',36,33,'C+',54,46,'91%'),('17420','CST203',31,47,'A',54,46,'96%'),('17420','CST205',21,40,'S',63,57,'78%'),('17420','HUT200',50,48,'B+',59,53,'78%'),('17420','MAT203',43,21,'A',43,36,'100%'),('17420','MCN201',44,20,'B',61,55,'85%'),('23820','CST201',42,30,'S',49,44,'90%'),('23820','CST203',43,44,'S',63,63,'93%'),('23820','CST205',38,47,'C',49,42,'84%'),('23820','HUT200',23,25,'B',57,47,'84%'),('23820','MAT203',23,41,'S',60,56,'96%'),('23820','MCN201',48,31,'A+',70,66,'80%'),('34220','CST201',21,43,'A',53,53,'94%'),('34220','CST203',39,44,'A',66,56,'95%'),('34220','CST205',37,48,'C',59,56,'89%'),('34220','HUT200',50,26,'S',65,63,'93%'),('34220','MAT203',21,33,'C+',69,69,'82%'),('34220','MCN201',40,46,'B+',63,63,'79%'),('22020','CST201',29,20,'S',65,60,'75%'),('22020','CST203',20,21,'S',43,38,'81%'),('22020','CST205',30,40,'A+',70,63,'80%'),('22020','HUT200',22,22,'A+',52,47,'83%'),('22020','MAT203',34,20,'A+',62,53,'84%'),('22020','MCN201',47,49,'A+',49,46,'78%'),('18420','CST201',37,26,'A',63,61,'78%'),('18420','CST203',50,36,'B',58,52,'78%'),('18420','CST205',36,44,'B+',60,58,'98%'),('18420','HUT200',30,22,'B+',42,33,'77%'),('18420','MAT203',20,48,'A+',63,55,'98%'),('18420','MCN201',23,26,'A+',47,42,'89%'),('18220','CST201',34,32,'C',58,54,'77%'),('18220','CST203',43,29,'A+',57,47,'98%'),('18220','CST205',34,45,'B',61,53,'97%'),('18220','HUT200',48,41,'B+',53,45,'83%'),('18220','MAT203',25,28,'P',43,38,'92%'),('18220','MCN201',25,42,'A+',55,52,'90%'),('30120','CST201',40,28,'S',67,63,'77%'),('30120','CST203',39,24,'B+',57,53,'88%'),('30120','CST205',38,49,'B+',48,48,'85%'),('30120','HUT200',32,23,'S',54,46,'80%'),('30120','MAT203',24,49,'D',45,38,'77%'),('30120','MCN201',23,27,'S',56,54,'98%'),('19120','CST201',27,50,'C',40,30,'89%'),('19120','CST203',26,48,'A',51,49,'95%'),('19120','CST205',26,20,'S',52,50,'96%'),('19120','HUT200',38,31,'S',65,56,'79%'),('19120','MAT203',20,46,'S',57,47,'98%'),('19120','MCN201',27,50,'A+',44,38,'91%'),('34320','CST201',22,27,'A+',66,62,'86%'),('34320','CST203',23,50,'C',60,57,'89%'),('34320','CST205',35,24,'C+',67,65,'95%'),('34320','HUT200',31,30,'B',46,37,'85%'),('34320','MAT203',22,43,'B+',63,62,'100%'),('34320','MCN201',25,43,'B',66,59,'85%'),('32220','CST201',38,43,'C+',66,56,'75%'),('32220','CST203',21,46,'S',44,37,'82%'),('32220','CST205',24,27,'C',46,46,'83%'),('32220','HUT200',38,40,'C',61,53,'75%'),('32220','MAT203',30,42,'C',42,36,'78%'),('32220','MCN201',37,36,'C',61,56,'86%'),('04120','CST201',29,27,'S',48,48,'94%'),('04120','CST203',23,35,'C',58,56,'83%'),('04120','CST205',26,41,'B',63,57,'89%'),('04120','HUT200',45,38,'S',69,67,'95%'),('04120','MAT203',25,38,'C',66,62,'93%'),('04120','MCN201',37,24,'B',53,49,'94%'),('34420','CST201',35,39,'B',41,39,'100%'),('34420','CST203',33,50,'B',49,42,'85%'),('34420','CST205',22,29,'P',46,38,'84%'),('34420','HUT200',35,36,'S',52,44,'99%'),('34420','MAT203',41,24,'S',42,33,'87%'),('34420','MCN201',41,31,'B',42,41,'85%'),('34520','CST201',27,22,'P',66,58,'99%'),('34520','CST203',47,47,'B+',47,37,'92%'),('34520','CST205',21,22,'C+',45,35,'77%'),('34520','HUT200',36,26,'D',56,52,'79%'),('34520','MAT203',28,42,'P',64,54,'87%'),('34520','MCN201',34,25,'P',50,45,'94%'),('18020','CST201',25,21,'A+',70,67,'94%'),('18020','CST203',45,40,'A+',50,43,'84%'),('18020','CST205',48,21,'B+',40,32,'83%'),('18020','HUT200',33,32,'B+',68,64,'97%'),('18020','MAT203',28,39,'C+',54,44,'75%'),('18020','MCN201',22,35,'B',57,55,'89%'),('48320','CST201',34,31,'C+',43,39,'79%'),('48320','CST203',23,48,'A+',68,59,'76%'),('48320','CST205',24,30,'S',43,35,'75%'),('48320','HUT200',26,34,'D',63,58,'84%'),('48320','MAT203',45,49,'B+',54,47,'76%'),('48320','MCN201',28,33,'B+',70,68,'87%'),('25920','CST201',48,20,'A',61,56,'77%'),('25920','CST203',45,34,'P',47,46,'100%'),('25920','CST205',28,31,'C',42,40,'96%'),('25920','HUT200',45,38,'B',41,36,'79%'),('25920','MAT203',41,37,'B',62,54,'83%'),('25920','MCN201',24,34,'C',57,47,'98%'),('34620','CST201',39,37,'D',61,60,'94%'),('34620','CST203',21,38,'A+',60,58,'80%'),('34620','CST205',46,38,'C+',60,56,'75%'),('34620','HUT200',35,43,'A',64,56,'79%'),('34620','MAT203',31,39,'C+',65,62,'81%'),('34620','MCN201',26,31,'D',43,38,'76%'),('48420','CST201',44,22,'C',63,56,'96%'),('48420','CST203',24,33,'P',47,47,'91%'),('48420','CST205',46,50,'C',40,35,'96%'),('48420','HUT200',33,46,'C+',42,40,'100%'),('48420','MAT203',49,36,'C',59,49,'87%'),('48420','MCN201',32,46,'C+',65,57,'88%'),('21220','CST201',37,30,'D',40,35,'95%'),('21220','CST203',40,22,'S',42,38,'96%'),('21220','CST205',28,34,'C+',68,60,'85%'),('21220','HUT200',41,39,'B+',44,39,'77%'),('21220','MAT203',22,48,'B',42,41,'91%'),('21220','MCN201',24,38,'A',68,65,'98%'),('22620','CST201',39,43,'C+',58,54,'100%'),('22620','CST203',44,29,'P',52,50,'79%'),('22620','CST205',29,50,'D',42,36,'98%'),('22620','HUT200',42,21,'P',66,65,'81%'),('22620','MAT203',22,26,'D',41,31,'96%'),('22620','MCN201',48,21,'A+',54,46,'91%'),('26319','CST201',47,49,'S',64,55,'98%'),('26319','CST203',44,36,'A+',53,49,'93%'),('26319','CST205',22,30,'B+',51,42,'94%'),('26319','HUT200',21,48,'C',66,56,'76%'),('26319','MAT203',48,33,'D',60,58,'75%'),('26319','MCN201',43,39,'C+',48,45,'98%'),('34720','CST201',49,25,'B+',67,63,'86%'),('34720','CST203',22,25,'A+',62,57,'98%'),('34720','CST205',33,41,'C+',61,55,'89%'),('34720','HUT200',30,38,'S',41,38,'99%'),('34720','MAT203',49,43,'B',60,53,'76%'),('34720','MCN201',49,31,'A+',62,55,'84%'),('34820','CST201',40,39,'S',66,60,'93%'),('34820','CST203',20,41,'C',51,44,'88%'),('34820','CST205',39,48,'C+',69,69,'97%'),('34820','HUT200',30,31,'A+',59,56,'97%'),('34820','MAT203',45,41,'D',52,44,'76%'),('34820','MCN201',47,33,'B+',65,58,'94%'),('14320','CST201',30,30,'D',51,41,'98%'),('14320','CST203',39,28,'A',66,66,'75%'),('14320','CST205',39,22,'P',44,44,'95%'),('14320','HUT200',20,43,'A+',42,42,'86%'),('14320','MAT203',50,44,'A',50,46,'82%'),('14320','MCN201',34,42,'P',54,52,'95%'),('34920','CST201',20,25,'D',52,47,'84%'),('34920','CST203',35,31,'C+',70,67,'80%'),('34920','CST205',21,45,'D',63,54,'79%'),('34920','HUT200',42,32,'P',60,56,'94%'),('34920','MAT203',42,45,'P',63,60,'82%'),('34920','MCN201',35,23,'S',52,42,'96%'),('35020','CST201',23,30,'C+',55,45,'95%'),('35020','CST203',37,38,'A',66,57,'87%'),('35020','CST205',48,28,'S',49,42,'79%'),('35020','HUT200',39,46,'B+',70,66,'82%'),('35020','MAT203',37,43,'C+',63,53,'85%'),('35020','MCN201',48,35,'D',40,30,'81%'),('21920','CST201',24,26,'B',42,35,'97%'),('21920','CST203',36,33,'S',50,48,'89%'),('21920','CST205',48,32,'D',58,54,'76%'),('21920','HUT200',30,42,'A',66,62,'89%'),('21920','MAT203',41,24,'S',43,41,'78%'),('21920','MCN201',47,45,'A+',56,51,'96%'),('48520','CST201',32,25,'B+',67,62,'86%'),('48520','CST203',24,36,'P',54,47,'88%'),('48520','CST205',48,24,'A',49,41,'83%'),('48520','HUT200',43,21,'A+',63,63,'98%'),('48520','MAT203',42,48,'P',52,51,'80%'),('48520','MCN201',22,48,'D',69,59,'87%'),('35120','CST201',39,45,'D',59,59,'79%'),('35120','CST203',31,27,'B',50,50,'88%'),('35120','CST205',38,46,'S',62,60,'83%'),('35120','HUT200',42,38,'C+',49,39,'97%'),('35120','MAT203',36,42,'D',56,48,'91%'),('35120','MCN201',37,20,'A',50,48,'99%'),('20020','CST201',36,28,'A+',58,49,'75%'),('20020','CST203',32,30,'C+',68,58,'83%'),('20020','CST205',24,34,'B',42,41,'82%'),('20020','HUT200',41,50,'A+',69,68,'89%'),('20020','MAT203',29,22,'S',54,53,'100%'),('20020','MCN201',42,46,'C',51,42,'87%'),('48620','CST201',36,32,'B',68,65,'92%'),('48620','CST203',46,28,'D',68,62,'97%'),('48620','CST205',47,25,'D',54,51,'97%'),('48620','HUT200',42,28,'A',59,56,'85%'),('48620','MAT203',37,43,'S',49,45,'94%'),('48620','MCN201',50,21,'B+',54,52,'84%'),('48720','CST201',25,39,'S',47,46,'94%'),('48720','CST203',37,22,'B+',64,55,'82%'),('48720','CST205',25,47,'D',53,51,'90%'),('48720','HUT200',36,44,'B',51,51,'87%'),('48720','MAT203',35,41,'D',47,44,'85%'),('48720','MCN201',46,49,'S',70,68,'75%'),('21420','CST201',45,40,'B',70,64,'92%'),('21420','CST203',31,24,'P',52,50,'81%'),('21420','CST205',43,29,'B',49,44,'85%'),('21420','HUT200',35,41,'A',60,57,'98%'),('21420','MAT203',42,36,'C+',61,58,'90%'),('21420','MCN201',49,34,'D',67,64,'76%'),('19820','CST201',38,27,'B+',40,34,'93%'),('19820','CST203',50,25,'A',63,53,'100%'),('19820','CST205',31,50,'B',61,56,'91%'),('19820','HUT200',49,40,'C',60,50,'96%'),('19820','MAT203',27,43,'D',44,36,'91%'),('19820','MCN201',47,37,'B+',52,46,'81%'),('21820','CST201',36,31,'C+',57,51,'77%'),('21820','CST203',26,24,'P',59,59,'84%'),('21820','CST205',40,45,'B+',57,53,'81%'),('21820','HUT200',30,38,'B+',42,38,'75%'),('21820','MAT203',43,29,'D',50,42,'95%'),('21820','MCN201',39,30,'A',58,58,'100%'),('22320','CST201',44,46,'C+',49,48,'94%'),('22320','CST203',40,37,'B',56,52,'97%'),('22320','CST205',48,44,'S',66,63,'76%'),('22320','HUT200',31,20,'P',70,66,'89%'),('22320','MAT203',23,43,'C',68,67,'94%'),('22320','MCN201',48,31,'C',64,63,'96%'),('35220','CST201',43,33,'B+',54,44,'99%'),('35220','CST203',50,28,'S',62,58,'77%'),('35220','CST205',50,44,'S',66,60,'97%'),('35220','HUT200',36,23,'B+',42,40,'85%'),('35220','MAT203',26,22,'A',66,56,'94%'),('35220','MCN201',42,28,'B+',57,57,'87%'),('21620','CST201',50,28,'S',44,36,'97%'),('21620','CST203',27,48,'B',52,46,'84%'),('21620','CST205',48,28,'B+',63,60,'92%'),('21620','HUT200',24,22,'S',45,35,'78%'),('21620','MAT203',47,31,'A',66,60,'81%'),('21620','MCN201',21,49,'A',48,40,'81%'),('35320','CST201',44,40,'C+',41,33,'85%'),('35320','CST203',35,41,'A+',40,30,'78%'),('35320','CST205',22,32,'B+',62,53,'89%'),('35320','HUT200',27,39,'A',61,52,'81%'),('35320','MAT203',25,33,'A+',44,40,'100%'),('35320','MCN201',24,49,'A+',47,37,'100%'),('27120','CST201',31,34,'C',50,44,'93%'),('27120','CST203',50,46,'P',48,43,'95%'),('27120','CST205',45,44,'B+',59,56,'100%'),('27120','HUT200',48,45,'P',56,56,'96%'),('27120','MAT203',29,33,'B',58,54,'96%'),('27120','MCN201',24,48,'A+',60,59,'80%'),('35420','CST201',36,47,'P',68,62,'80%'),('35420','CST203',42,34,'D',58,53,'97%'),('35420','CST205',50,46,'A',69,64,'80%'),('35420','HUT200',26,23,'B+',50,46,'93%'),('35420','MAT203',25,44,'A+',51,42,'94%'),('35420','MCN201',38,32,'C',61,59,'100%'),('31520','CST201',23,24,'A+',45,39,'81%'),('31520','CST203',38,29,'A+',66,60,'83%'),('31520','CST205',22,36,'D',57,53,'96%'),('31520','HUT200',24,34,'P',70,70,'89%'),('31520','MAT203',20,22,'P',57,52,'89%'),('31520','MCN201',45,45,'C+',57,47,'96%'),('22120','CST201',32,30,'B+',60,56,'75%'),('22120','CST203',26,47,'P',44,43,'88%'),('22120','CST205',38,43,'P',68,66,'83%'),('22120','HUT200',23,38,'P',58,51,'89%'),('22120','MAT203',22,20,'S',66,66,'78%'),('22120','MCN201',32,34,'P',54,54,'85%'),('48820','CST201',37,43,'B+',68,65,'98%'),('48820','CST203',26,40,'D',65,55,'97%'),('48820','CST205',50,29,'A+',44,35,'75%'),('48820','HUT200',30,37,'S',63,53,'89%'),('48820','MAT203',48,43,'P',40,37,'93%'),('48820','MCN201',39,26,'A',47,42,'95%'),('30020','CST201',37,21,'B',44,39,'75%'),('30020','CST203',29,33,'B+',57,56,'96%'),('30020','CST205',26,37,'A',59,58,'99%'),('30020','HUT200',46,35,'B',40,37,'81%'),('30020','MAT203',36,46,'D',55,51,'81%'),('30020','MCN201',22,49,'D',62,52,'100%'),('35520','CST201',25,41,'D',44,42,'91%'),('35520','CST203',31,46,'B',48,45,'83%'),('35520','CST205',50,48,'D',45,38,'78%'),('35520','HUT200',20,35,'P',57,50,'90%'),('35520','MAT203',24,46,'B+',67,66,'94%'),('35520','MCN201',34,45,'C',56,55,'81%'),('19920','CST201',47,34,'A+',50,43,'85%'),('19920','CST203',49,41,'C+',65,59,'87%'),('19920','CST205',38,24,'P',48,40,'93%'),('19920','HUT200',21,49,'A',65,56,'82%'),('19920','MAT203',35,30,'A',47,40,'88%'),('19920','MCN201',48,34,'A+',57,47,'91%'),('18920','CST201',45,49,'B',64,58,'75%'),('18920','CST203',37,49,'C',53,48,'88%'),('18920','CST205',49,37,'B+',59,59,'75%'),('18920','HUT200',28,29,'C',45,36,'85%'),('18920','MAT203',27,41,'B',68,59,'96%'),('18920','MCN201',46,43,'A',55,51,'78%'),('31120','CST201',25,25,'B',59,59,'77%'),('31120','CST203',33,31,'A+',48,47,'80%'),('31120','CST205',27,48,'D',67,67,'84%'),('31120','HUT200',43,46,'C',65,61,'77%'),('31120','MAT203',42,49,'A',70,69,'99%'),('31120','MCN201',37,40,'B',70,63,'86%'),('31420','CST201',43,26,'B',54,52,'90%'),('31420','CST203',20,46,'C',47,39,'86%'),('31420','CST205',30,33,'C+',45,42,'93%'),('31420','HUT200',38,21,'B+',64,60,'96%'),('31420','MAT203',28,45,'B',59,56,'77%'),('31420','MCN201',22,39,'A+',55,55,'83%'),('39020','CST201',22,29,'C',62,61,'96%'),('39020','CST203',21,24,'S',58,48,'82%'),('39020','CST205',39,40,'C',47,43,'100%'),('39020','HUT200',20,48,'C+',40,34,'97%'),('39020','MAT203',31,24,'A+',63,60,'76%'),('39020','MCN201',38,34,'D',54,46,'75%'),('35620','CST201',29,39,'C',65,59,'89%'),('35620','CST203',33,50,'C+',66,61,'91%'),('35620','CST205',28,46,'D',41,40,'76%'),('35620','HUT200',44,23,'A+',64,57,'76%'),('35620','MAT203',40,25,'D',62,61,'99%'),('35620','MCN201',24,28,'S',61,53,'86%'),('07120','CST201',25,40,'C+',47,44,'76%'),('07120','CST203',44,47,'A+',65,56,'81%'),('07120','CST205',42,32,'P',42,35,'93%'),('07120','HUT200',39,36,'D',58,48,'83%'),('07120','MAT203',41,20,'C+',65,58,'92%'),('07120','MCN201',35,30,'P',67,63,'96%'),('26020','CST201',39,40,'C',44,34,'90%'),('26020','CST203',39,22,'B',68,65,'98%'),('26020','CST205',47,40,'C',57,51,'86%'),('26020','HUT200',21,25,'B+',49,40,'76%'),('26020','MAT203',30,26,'B+',67,58,'94%'),('26020','MCN201',22,36,'B+',56,46,'93%'),('35720','CST201',28,38,'B',52,42,'83%'),('35720','CST203',40,32,'A',46,43,'77%'),('35720','CST205',27,34,'C',57,50,'80%'),('35720','HUT200',39,27,'A',40,31,'78%'),('35720','MAT203',36,35,'A+',55,54,'92%'),('35720','MCN201',47,48,'A',67,61,'87%'),('35820','CST201',27,23,'A+',45,36,'75%'),('35820','CST203',37,33,'A',63,59,'99%'),('35820','CST205',44,39,'A',57,54,'79%'),('35820','HUT200',20,50,'S',41,38,'97%'),('35820','MAT203',21,20,'C',56,47,'96%'),('35820','MCN201',41,20,'B+',65,60,'97%'),('48920','CST201',42,33,'S',48,41,'81%'),('48920','CST203',25,42,'C',42,33,'89%'),('48920','CST205',36,21,'C',67,63,'81%'),('48920','HUT200',22,34,'B+',42,32,'94%'),('48920','MAT203',48,22,'S',45,37,'90%'),('48920','MCN201',45,49,'S',41,37,'78%'),('18320','CST201',22,31,'B',58,54,'80%'),('18320','CST203',43,21,'P',68,60,'99%'),('18320','CST205',37,30,'C+',60,56,'82%'),('18320','HUT200',32,41,'B',44,43,'100%'),('18320','MAT203',50,28,'S',46,39,'83%'),('18320','MCN201',37,21,'B+',45,35,'99%'),('16520','CST201',39,26,'B',51,48,'93%'),('16520','CST203',35,31,'A+',65,56,'92%'),('16520','CST205',38,36,'A+',43,42,'97%'),('16520','HUT200',38,37,'C',47,37,'81%'),('16520','MAT203',43,34,'D',59,50,'99%'),('16520','MCN201',30,23,'B+',69,63,'96%');
/*!40000 ALTER TABLE `semester_3` ENABLE KEYS */;
UNLOCK TABLES;

--
-- Table structure for table `semester_4`
--

DROP TABLE IF EXISTS `semester_4`;
/*!40101 SET @saved_cs_client     = @@character_set_client */;
/*!50503 SET character_set_client = utf8mb4 */;
CREATE TABLE `semester_4` (
  `user_id` varchar(5) DEFAULT NULL,
  `subject` text,
  `series_1` int DEFAULT NULL,
  `series_2` int DEFAULT NULL,
  `grade` text,
  `total_periods` int DEFAULT NULL,
  `present` int DEFAULT NULL,
  `attendance_percentage` text
) ENGINE=InnoDB DEFAULT CHARSET=utf8mb4 COLLATE=utf8mb4_0900_ai_ci;
/*!40101 SET character_set_client = @saved_cs_client */;

--
-- Dumping data for table `semester_4`
--

LOCK TABLES `semester_4` WRITE;
/*!40000 ALTER TABLE `semester_4` DISABLE KEYS */;
INSERT INTO `semester_4` VALUES ('48220','CST202',24,39,'A',46,45,'87%'),('48220','CST204',34,33,'B+',57,52,'87%'),('48220','CST206',40,24,'A+',56,43,'84%'),('48220','EST200',20,27,'D',41,40,'80%'),('48220','MAT206',49,32,'D',62,47,'89%'),('48220','MCN202',21,25,'C+',60,55,'98%'),('34020','CST202',23,39,'B',49,34,'80%'),('34020','CST204',44,40,'D',51,41,'86%'),('34020','CST206',42,26,'B+',42,38,'84%'),('34020','EST200',50,48,'B',63,61,'100%'),('34020','MAT206',32,49,'D',54,41,'96%'),('34020','MCN202',20,33,'S',58,45,'91%'),('34120','CST202',44,44,'A',44,39,'96%'),('34120','CST204',48,25,'D',69,54,'77%'),('34120','CST206',38,45,'A+',48,34,'85%'),('34120','EST200',46,21,'B+',63,52,'75%'),('34120','MAT206',49,46,'D',70,63,'84%'),('34120','MCN202',35,30,'A',58,44,'76%'),('17420','CST202',38,28,'B',54,47,'78%'),('17420','CST204',42,34,'S',52,40,'76%'),('17420','CST206',26,32,'A',58,56,'97%'),('17420','EST200',20,48,'S',53,48,'88%'),('17420','MAT206',45,34,'C',65,63,'87%'),('17420','MCN202',30,29,'D',64,54,'84%'),('23820','CST202',40,36,'A',64,54,'85%'),('23820','CST204',37,28,'C',41,39,'76%'),('23820','CST206',27,45,'D',43,36,'89%'),('23820','EST200',45,34,'A+',50,44,'82%'),('23820','MAT206',50,49,'A+',69,65,'99%'),('23820','MCN202',39,44,'S',52,39,'99%'),('34220','CST202',50,38,'A+',69,61,'93%'),('34220','CST204',21,26,'A',42,38,'80%'),('34220','CST206',38,48,'D',42,41,'93%'),('34220','EST200',49,38,'D',56,53,'85%'),('34220','MAT206',38,21,'S',49,38,'77%'),('34220','MCN202',46,28,'B',41,31,'91%'),('22020','CST202',50,23,'A',61,53,'81%'),('22020','CST204',20,30,'C',62,56,'86%'),('22020','CST206',46,40,'C+',65,54,'86%'),('22020','EST200',30,39,'S',45,34,'75%'),('22020','MAT206',39,34,'A+',55,40,'88%'),('22020','MCN202',23,41,'B',59,48,'97%'),('18420','CST202',36,49,'B+',59,49,'94%'),('18420','CST204',39,35,'C+',41,32,'81%'),('18420','CST206',26,24,'C',65,57,'80%'),('18420','EST200',50,35,'S',60,59,'87%'),('18420','MAT206',28,45,'S',53,50,'96%'),('18420','MCN202',29,23,'B',45,36,'77%'),('18220','CST202',23,47,'S',46,32,'78%'),('18220','CST204',21,28,'D',48,37,'92%'),('18220','CST206',23,46,'C+',47,42,'97%'),('18220','EST200',27,25,'S',57,47,'82%'),('18220','MAT206',49,48,'A+',65,53,'88%'),('18220','MCN202',44,44,'S',40,26,'75%'),('30120','CST202',50,31,'D',69,65,'77%'),('30120','CST204',30,48,'A',58,57,'94%'),('30120','CST206',30,26,'B',51,48,'100%'),('30120','EST200',33,25,'S',69,65,'95%'),('30120','MAT206',43,30,'A+',62,60,'96%'),('30120','MCN202',22,43,'D',53,39,'91%'),('19120','CST202',26,28,'A',46,43,'83%'),('19120','CST204',49,21,'A+',58,46,'94%'),('19120','CST206',35,50,'B+',52,52,'81%'),('19120','EST200',28,42,'S',40,30,'88%'),('19120','MAT206',50,34,'B+',46,31,'78%'),('19120','MCN202',30,42,'C',42,32,'77%'),('34320','CST202',48,26,'S',46,37,'89%'),('34320','CST204',31,39,'A',61,58,'98%'),('34320','CST206',41,40,'B',67,63,'80%'),('34320','EST200',32,46,'C+',56,52,'77%'),('34320','MAT206',27,40,'B',67,53,'96%'),('34320','MCN202',30,47,'B',53,50,'87%'),('32220','CST202',20,33,'C',63,61,'88%'),('32220','CST204',39,29,'B',68,59,'89%'),('32220','CST206',30,26,'B',56,52,'81%'),('32220','EST200',35,28,'C',56,55,'82%'),('32220','MAT206',48,49,'A+',48,35,'94%'),('32220','MCN202',41,28,'A+',65,62,'89%'),('04120','CST202',39,25,'D',69,56,'86%'),('04120','CST204',47,48,'C+',58,44,'98%'),('04120','CST206',20,35,'C',42,38,'95%'),('04120','EST200',43,36,'C',43,33,'78%'),('04120','MAT206',36,41,'B+',44,33,'100%'),('04120','MCN202',27,42,'A+',60,55,'78%'),('34420','CST202',44,45,'S',43,42,'80%'),('34420','CST204',33,47,'C',41,34,'87%'),('34420','CST206',25,36,'B+',60,57,'87%'),('34420','EST200',41,36,'A+',56,42,'89%'),('34420','MAT206',24,35,'A',61,48,'81%'),('34420','MCN202',21,26,'B',40,28,'80%'),('34520','CST202',34,41,'D',51,36,'93%'),('34520','CST204',49,33,'A+',60,52,'78%'),('34520','CST206',36,45,'A',70,65,'93%'),('34520','EST200',43,27,'B',65,50,'99%'),('34520','MAT206',21,40,'A',50,48,'90%'),('34520','MCN202',36,23,'C',59,55,'99%'),('18020','CST202',31,37,'C',41,34,'91%'),('18020','CST204',26,31,'S',61,47,'81%'),('18020','CST206',26,26,'C',55,51,'77%'),('18020','EST200',49,43,'B+',56,46,'85%'),('18020','MAT206',28,34,'A',53,46,'81%'),('18020','MCN202',28,48,'D',49,42,'91%'),('48320','CST202',27,40,'C',52,40,'80%'),('48320','CST204',31,20,'S',65,61,'77%'),('48320','CST206',40,25,'A',51,47,'98%'),('48320','EST200',49,48,'A+',65,60,'84%'),('48320','MAT206',48,22,'B+',66,63,'78%'),('48320','MCN202',48,47,'A',57,57,'93%'),('25920','CST202',27,28,'B+',63,57,'93%'),('25920','CST204',37,27,'A',42,36,'79%'),('25920','CST206',22,21,'S',51,46,'82%'),('25920','EST200',42,44,'C',47,41,'75%'),('25920','MAT206',46,28,'S',59,48,'87%'),('25920','MCN202',40,32,'A',67,54,'97%'),('34620','CST202',44,35,'A',67,67,'92%'),('34620','CST204',48,34,'C+',55,41,'77%'),('34620','CST206',39,36,'A',48,34,'96%'),('34620','EST200',45,49,'A+',40,34,'81%'),('34620','MAT206',48,34,'A+',68,59,'99%'),('34620','MCN202',29,36,'S',68,54,'98%'),('48420','CST202',38,49,'D',46,37,'81%'),('48420','CST204',49,28,'A+',58,46,'96%'),('48420','CST206',41,37,'A',52,51,'94%'),('48420','EST200',35,22,'C',68,65,'83%'),('48420','MAT206',37,30,'D',55,51,'92%'),('48420','MCN202',35,32,'A+',69,58,'77%'),('21220','CST202',38,21,'C+',47,42,'83%'),('21220','CST204',28,36,'C+',59,44,'93%'),('21220','CST206',26,32,'C',64,58,'90%'),('21220','EST200',21,34,'D',58,47,'87%'),('21220','MAT206',32,32,'B',57,47,'78%'),('21220','MCN202',37,26,'B+',53,48,'89%'),('22620','CST202',39,39,'C',45,38,'76%'),('22620','CST204',28,39,'C',55,40,'80%'),('22620','CST206',49,43,'A',47,44,'89%'),('22620','EST200',35,45,'C',70,60,'83%'),('22620','MAT206',26,43,'D',41,28,'76%'),('22620','MCN202',37,30,'A',52,37,'77%'),('26319','CST202',21,22,'B+',66,56,'98%'),('26319','CST204',45,30,'C',42,27,'77%'),('26319','CST206',20,34,'A+',69,60,'80%'),('26319','EST200',26,40,'D',48,46,'92%'),('26319','MAT206',20,35,'B+',61,52,'79%'),('26319','MCN202',23,39,'C+',48,35,'99%'),('34720','CST202',46,45,'S',45,31,'89%'),('34720','CST204',33,22,'D',47,41,'79%'),('34720','CST206',44,22,'S',56,51,'76%'),('34720','EST200',23,43,'A',49,44,'87%'),('34720','MAT206',20,21,'C+',40,28,'78%'),('34720','MCN202',23,25,'C',66,62,'79%'),('34820','CST202',21,45,'A+',58,53,'77%'),('34820','CST204',41,46,'C',58,45,'83%'),('34820','CST206',31,37,'D',64,52,'77%'),('34820','EST200',29,25,'C+',66,52,'84%'),('34820','MAT206',23,24,'C+',70,63,'95%'),('34820','MCN202',20,34,'A',70,59,'92%'),('14320','CST202',42,20,'B+',67,53,'90%'),('14320','CST204',46,38,'D',40,38,'78%'),('14320','CST206',50,38,'D',42,29,'99%'),('14320','EST200',33,34,'B',56,50,'87%'),('14320','MAT206',41,32,'A',51,38,'89%'),('14320','MCN202',29,46,'S',60,46,'94%'),('34920','CST202',30,46,'S',49,37,'88%'),('34920','CST204',36,22,'C+',58,52,'97%'),('34920','CST206',20,36,'S',70,63,'88%'),('34920','EST200',32,46,'B+',64,49,'97%'),('34920','MAT206',45,24,'A+',51,47,'82%'),('34920','MCN202',24,32,'A',42,33,'94%'),('35020','CST202',40,31,'C',43,35,'95%'),('35020','CST204',47,25,'A+',69,55,'94%'),('35020','CST206',44,48,'D',64,54,'99%'),('35020','EST200',35,43,'A+',62,54,'94%'),('35020','MAT206',25,33,'D',45,30,'75%'),('35020','MCN202',30,42,'B',65,53,'78%'),('21920','CST202',42,22,'D',54,51,'98%'),('21920','CST204',39,40,'B',64,49,'93%'),('21920','CST206',50,30,'A',53,49,'84%'),('21920','EST200',46,26,'B',61,53,'85%'),('21920','MAT206',21,31,'A',44,40,'98%'),('21920','MCN202',33,39,'B+',67,67,'91%'),('48520','CST202',39,27,'C',44,43,'90%'),('48520','CST204',31,32,'B',41,40,'97%'),('48520','CST206',34,37,'S',64,56,'85%'),('48520','EST200',46,31,'A',56,50,'95%'),('48520','MAT206',42,36,'A',70,60,'93%'),('48520','MCN202',22,46,'C',45,44,'88%'),('35120','CST202',34,29,'A+',62,62,'98%'),('35120','CST204',38,45,'D',67,60,'85%'),('35120','CST206',48,20,'S',64,58,'83%'),('35120','EST200',27,32,'A+',40,36,'89%'),('35120','MAT206',20,31,'D',61,52,'85%'),('35120','MCN202',37,36,'S',63,50,'77%'),('20020','CST202',39,47,'S',40,36,'97%'),('20020','CST204',30,21,'B+',48,34,'91%'),('20020','CST206',24,25,'A+',43,33,'86%'),('20020','EST200',39,42,'A+',52,38,'89%'),('20020','MAT206',43,30,'B',70,65,'90%'),('20020','MCN202',47,30,'D',53,40,'77%'),('48620','CST202',32,45,'A',45,31,'77%'),('48620','CST204',48,22,'A',59,51,'85%'),('48620','CST206',23,26,'C+',66,60,'76%'),('48620','EST200',35,22,'S',62,56,'93%'),('48620','MAT206',48,31,'C+',64,60,'86%'),('48620','MCN202',50,38,'S',59,52,'85%'),('48720','CST202',36,37,'S',68,55,'83%'),('48720','CST204',29,28,'S',70,58,'90%'),('48720','CST206',39,24,'B',52,44,'83%'),('48720','EST200',37,40,'S',54,51,'93%'),('48720','MAT206',37,27,'C',45,36,'78%'),('48720','MCN202',41,46,'A',63,48,'97%'),('21420','CST202',31,36,'C',60,53,'80%'),('21420','CST204',27,37,'B+',61,60,'94%'),('21420','CST206',23,43,'S',45,43,'83%'),('21420','EST200',39,23,'S',49,35,'95%'),('21420','MAT206',38,46,'B+',48,34,'99%'),('21420','MCN202',29,39,'B',68,62,'79%'),('19820','CST202',37,44,'C+',62,55,'94%'),('19820','CST204',28,46,'A+',43,34,'76%'),('19820','CST206',22,40,'S',58,57,'99%'),('19820','EST200',46,27,'D',63,59,'94%'),('19820','MAT206',32,31,'B+',64,64,'82%'),('19820','MCN202',27,37,'B+',67,53,'98%'),('21820','CST202',44,44,'C',47,45,'78%'),('21820','CST204',40,43,'C+',50,46,'87%'),('21820','CST206',28,47,'D',63,58,'99%'),('21820','EST200',20,24,'C',69,55,'80%'),('21820','MAT206',25,46,'D',65,60,'100%'),('21820','MCN202',37,50,'D',41,33,'76%'),('22320','CST202',22,45,'C+',56,41,'89%'),('22320','CST204',25,49,'S',69,59,'76%'),('22320','CST206',20,29,'C+',40,30,'95%'),('22320','EST200',42,48,'A',65,50,'78%'),('22320','MAT206',45,29,'B',47,37,'83%'),('22320','MCN202',34,32,'C+',63,49,'98%'),('35220','CST202',49,42,'C+',42,36,'83%'),('35220','CST204',27,29,'B',48,43,'95%'),('35220','CST206',45,34,'D',58,44,'75%'),('35220','EST200',48,36,'A+',63,62,'91%'),('35220','MAT206',40,43,'B+',66,60,'80%'),('35220','MCN202',42,31,'B',43,34,'90%'),('21620','CST202',36,24,'B',42,35,'79%'),('21620','CST204',35,41,'C',54,51,'82%'),('21620','CST206',40,28,'B',43,42,'88%'),('21620','EST200',35,49,'C',51,38,'86%'),('21620','MAT206',26,46,'B+',45,37,'80%'),('21620','MCN202',28,47,'S',44,31,'81%'),('35320','CST202',42,44,'A',47,45,'91%'),('35320','CST204',26,43,'S',52,52,'97%'),('35320','CST206',36,26,'A+',43,28,'98%'),('35320','EST200',34,20,'C+',45,45,'85%'),('35320','MAT206',25,49,'B',49,37,'79%'),('35320','MCN202',23,36,'S',69,58,'81%'),('27120','CST202',48,49,'S',50,36,'89%'),('27120','CST204',33,20,'C+',66,60,'81%'),('27120','CST206',25,34,'S',70,56,'76%'),('27120','EST200',46,24,'D',59,59,'93%'),('27120','MAT206',35,27,'A+',57,50,'83%'),('27120','MCN202',49,31,'B+',61,59,'96%'),('35420','CST202',23,42,'B',40,38,'93%'),('35420','CST204',39,26,'A+',65,51,'82%'),('35420','CST206',38,40,'C',68,68,'76%'),('35420','EST200',37,25,'A',66,62,'90%'),('35420','MAT206',24,39,'C+',43,35,'90%'),('35420','MCN202',28,47,'B+',60,52,'90%'),('31520','CST202',30,43,'C',70,62,'93%'),('31520','CST204',23,50,'A',69,67,'81%'),('31520','CST206',26,26,'C',45,45,'89%'),('31520','EST200',28,25,'D',59,52,'100%'),('31520','MAT206',49,32,'A+',57,55,'99%'),('31520','MCN202',24,27,'C+',53,42,'78%'),('22120','CST202',47,50,'C+',61,51,'90%'),('22120','CST204',32,48,'C',59,45,'97%'),('22120','CST206',40,28,'B+',58,51,'79%'),('22120','EST200',50,25,'A+',41,26,'81%'),('22120','MAT206',31,32,'S',43,34,'100%'),('22120','MCN202',25,26,'S',54,41,'75%'),('48820','CST202',23,49,'A+',63,55,'84%'),('48820','CST204',30,23,'C+',69,69,'96%'),('48820','CST206',45,42,'B',47,41,'83%'),('48820','EST200',25,40,'A',58,47,'91%'),('48820','MAT206',30,47,'A+',56,50,'85%'),('48820','MCN202',41,32,'A+',50,36,'76%'),('30020','CST202',47,47,'D',63,61,'99%'),('30020','CST204',37,50,'B',46,40,'88%'),('30020','CST206',27,46,'D',40,25,'91%'),('30020','EST200',38,26,'B',68,63,'81%'),('30020','MAT206',44,36,'B+',48,45,'79%'),('30020','MCN202',37,29,'A+',53,44,'91%'),('35520','CST202',30,20,'C',47,45,'84%'),('35520','CST204',44,28,'B',68,68,'85%'),('35520','CST206',25,38,'B',62,50,'93%'),('35520','EST200',30,23,'A+',45,43,'88%'),('35520','MAT206',35,42,'A+',61,55,'97%'),('35520','MCN202',39,21,'C+',69,60,'99%'),('19920','CST202',34,39,'B',58,44,'89%'),('19920','CST204',40,25,'A+',63,63,'99%'),('19920','CST206',24,49,'A',63,58,'90%'),('19920','EST200',47,26,'C+',59,47,'89%'),('19920','MAT206',31,47,'C',62,47,'87%'),('19920','MCN202',34,32,'D',56,46,'83%'),('18920','CST202',40,35,'C',51,36,'87%'),('18920','CST204',37,20,'D',48,42,'83%'),('18920','CST206',38,47,'C',58,49,'79%'),('18920','EST200',36,49,'A+',50,42,'78%'),('18920','MAT206',24,40,'A',49,46,'77%'),('18920','MCN202',33,33,'D',67,55,'78%'),('31120','CST202',45,46,'B+',52,37,'78%'),('31120','CST204',35,36,'C',51,50,'94%'),('31120','CST206',21,43,'A',56,46,'98%'),('31120','EST200',34,48,'C+',45,40,'100%'),('31120','MAT206',36,32,'D',49,40,'94%'),('31120','MCN202',44,35,'A',63,49,'94%'),('31420','CST202',32,38,'B',69,56,'91%'),('31420','CST204',32,39,'S',50,48,'89%'),('31420','CST206',49,48,'B',60,53,'100%'),('31420','EST200',20,43,'D',44,29,'76%'),('31420','MAT206',42,50,'C+',62,60,'99%'),('31420','MCN202',49,32,'A',64,60,'83%'),('39020','CST202',46,22,'A',69,61,'99%'),('39020','CST204',47,38,'D',49,44,'89%'),('39020','CST206',39,20,'A',41,26,'100%'),('39020','EST200',47,41,'A',56,51,'98%'),('39020','MAT206',49,36,'B+',70,61,'93%'),('39020','MCN202',47,25,'D',65,54,'80%'),('35620','CST202',34,42,'A',42,39,'92%'),('35620','CST204',29,22,'D',56,55,'80%'),('35620','CST206',47,36,'A+',67,60,'83%'),('35620','EST200',27,44,'A+',43,42,'84%'),('35620','MAT206',33,35,'C+',57,56,'91%'),('35620','MCN202',37,31,'A',40,38,'88%'),('07120','CST202',48,41,'A+',45,43,'98%'),('07120','CST204',31,33,'C+',54,39,'82%'),('07120','CST206',24,38,'A+',48,37,'93%'),('07120','EST200',41,23,'D',50,36,'80%'),('07120','MAT206',31,32,'D',51,38,'82%'),('07120','MCN202',24,37,'A+',46,32,'80%'),('26020','CST202',32,21,'C',56,42,'96%'),('26020','CST204',35,22,'D',61,52,'78%'),('26020','CST206',47,42,'A',70,69,'86%'),('26020','EST200',24,48,'A',57,43,'89%'),('26020','MAT206',25,32,'C+',55,52,'95%'),('26020','MCN202',46,29,'C+',66,58,'97%'),('35720','CST202',30,48,'A+',57,50,'99%'),('35720','CST204',43,29,'D',69,68,'83%'),('35720','CST206',45,39,'C',60,51,'78%'),('35720','EST200',42,22,'A',60,57,'95%'),('35720','MAT206',32,35,'B+',65,62,'96%'),('35720','MCN202',36,27,'D',47,40,'86%'),('35820','CST202',25,45,'B',55,51,'75%'),('35820','CST204',41,39,'C+',63,61,'78%'),('35820','CST206',40,42,'A',60,60,'86%'),('35820','EST200',21,28,'D',43,30,'100%'),('35820','MAT206',49,40,'A+',50,41,'92%'),('35820','MCN202',25,42,'B+',45,31,'100%'),('48920','CST202',48,43,'C',43,43,'87%'),('48920','CST204',28,21,'S',67,52,'84%'),('48920','CST206',41,21,'B',61,53,'76%'),('48920','EST200',46,37,'B',40,31,'90%'),('48920','MAT206',48,40,'D',45,40,'75%'),('48920','MCN202',49,29,'A',48,47,'85%'),('18320','CST202',49,20,'A+',58,46,'92%'),('18320','CST204',38,29,'A+',47,44,'97%'),('18320','CST206',25,40,'B',41,35,'88%'),('18320','EST200',41,38,'C+',50,38,'99%'),('18320','MAT206',26,22,'C',69,67,'80%'),('18320','MCN202',40,50,'B+',63,62,'98%'),('16520','CST202',36,50,'A',57,49,'94%'),('16520','CST204',26,46,'D',59,52,'75%'),('16520','CST206',26,46,'D',42,28,'89%'),('16520','EST200',23,26,'C+',70,65,'91%'),('16520','MAT206',21,39,'D',40,38,'93%'),('16520','MCN202',39,23,'B+',43,36,'93%');
/*!40000 ALTER TABLE `semester_4` ENABLE KEYS */;
UNLOCK TABLES;

--
-- Table structure for table `semester_5`
--

DROP TABLE IF EXISTS `semester_5`;
/*!40101 SET @saved_cs_client     = @@character_set_client */;
/*!50503 SET character_set_client = utf8mb4 */;
CREATE TABLE `semester_5` (
  `user_id` varchar(5) DEFAULT NULL,
  `subject` text,
  `series_1` int DEFAULT NULL,
  `series_2` int DEFAULT NULL,
  `grade` text,
  `total_periods` int DEFAULT NULL,
  `present` int DEFAULT NULL,
  `attendance_percentage` text
) ENGINE=InnoDB DEFAULT CHARSET=utf8mb4 COLLATE=utf8mb4_0900_ai_ci;
/*!40101 SET character_set_client = @saved_cs_client */;

--
-- Dumping data for table `semester_5`
--

LOCK TABLES `semester_5` WRITE;
/*!40000 ALTER TABLE `semester_5` DISABLE KEYS */;
INSERT INTO `semester_5` VALUES ('48220','CST301',29,28,'C+',56,54,'81%'),('48220','CST307',49,37,'D+',56,56,'88%'),('48220','CST303',48,43,'D+',52,45,'93%'),('48220','CST305',39,31,'D+',54,54,'81%'),('48220','CST309',44,33,'C+',52,45,'99%'),('34020','CST301',30,38,'S',53,51,'75%'),('34020','CST307',42,47,'D',52,52,'82%'),('34020','CST303',37,31,'B',52,43,'72%'),('34020','CST305',49,38,'S',54,45,'93%'),('34020','CST309',38,40,'P',54,50,'94%'),('34120','CST301',47,33,'D',60,43,'70%'),('34120','CST307',41,41,'A+',58,58,'79%'),('34120','CST303',33,50,'A+',52,48,'91%'),('34120','CST305',33,40,'D',60,41,'82%'),('34120','CST309',39,36,'A',50,50,'83%'),('17420','CST301',33,45,'C+',59,59,'82%'),('17420','CST307',31,39,'A',56,53,'72%'),('17420','CST303',33,41,'D',53,53,'81%'),('17420','CST305',29,32,'P',54,49,'79%'),('17420','CST309',47,33,'S',57,43,'82%'),('23820','CST301',32,35,'C',56,52,'93%'),('23820','CST307',42,46,'B',58,56,'93%'),('23820','CST303',47,45,'B+',55,55,'78%'),('23820','CST305',40,44,'D+',58,58,'94%'),('23820','CST309',38,39,'D+',52,52,'79%'),('34220','CST301',50,47,'B',60,46,'96%'),('34220','CST307',40,43,'A+',53,51,'76%'),('34220','CST303',40,47,'S',59,48,'89%'),('34220','CST305',44,47,'C+',60,58,'96%'),('34220','CST309',41,47,'B',59,51,'89%'),('22020','CST301',31,34,'C',50,49,'84%'),('22020','CST307',38,37,'C+',57,56,'77%'),('22020','CST303',48,47,'B',55,55,'89%'),('22020','CST305',35,38,'A',56,52,'86%'),('22020','CST309',28,45,'P',59,43,'93%'),('18420','CST301',45,33,'D',54,46,'94%'),('18420','CST307',39,48,'A+',59,47,'72%'),('18420','CST303',46,42,'F',53,50,'88%'),('18420','CST305',46,43,'C',55,55,'82%'),('18420','CST309',29,42,'B',57,57,'82%'),('18220','CST301',41,42,'D+',56,56,'81%'),('18220','CST307',49,33,'F',51,47,'97%'),('18220','CST303',49,35,'A+',60,53,'79%'),('18220','CST305',48,47,'B+',56,56,'86%'),('18220','CST309',35,32,'S',54,54,'84%'),('30120','CST301',40,34,'C',56,56,'72%'),('30120','CST307',28,36,'P',58,43,'85%'),('30120','CST303',36,34,'A+',50,50,'77%'),('30120','CST305',44,39,'D',53,51,'99%'),('30120','CST309',46,49,'S',50,47,'97%'),('19120','CST301',31,36,'D',55,40,'81%'),('19120','CST307',49,42,'S',59,56,'73%'),('19120','CST303',43,35,'D',55,47,'99%'),('19120','CST305',33,40,'A',57,56,'80%'),('19120','CST309',34,36,'A',50,50,'97%'),('34320','CST301',49,28,'A+',57,56,'92%'),('34320','CST307',33,31,'C+',54,47,'83%'),('34320','CST303',48,32,'A+',52,43,'76%'),('34320','CST305',29,42,'B',53,49,'76%'),('34320','CST309',32,34,'C+',54,52,'90%'),('32220','CST301',35,41,'C+',53,52,'85%'),('32220','CST307',43,33,'C',53,53,'99%'),('32220','CST303',29,40,'A',55,55,'73%'),('32220','CST305',34,41,'D',53,53,'83%'),('32220','CST309',34,45,'A',52,42,'78%'),('04120','CST301',39,33,'D+',55,47,'85%'),('04120','CST307',38,31,'A+',60,54,'95%'),('04120','CST303',48,34,'B+',56,42,'75%'),('04120','CST305',34,39,'C',54,48,'79%'),('04120','CST309',37,38,'B',56,52,'82%'),('34420','CST301',41,30,'D+',52,50,'85%'),('34420','CST307',41,39,'P',52,50,'93%'),('34420','CST303',32,45,'D',57,40,'89%'),('34420','CST305',41,37,'A',57,57,'84%'),('34420','CST309',28,30,'D',53,43,'71%'),('34520','CST301',37,41,'S',55,44,'70%'),('34520','CST307',39,48,'A',55,55,'97%'),('34520','CST303',41,39,'P',58,58,'93%'),('34520','CST305',42,46,'A',57,40,'84%'),('34520','CST309',28,42,'B',56,56,'77%'),('18020','CST301',39,37,'B+',53,40,'81%'),('18020','CST307',42,29,'D+',58,41,'82%'),('18020','CST303',36,49,'D',58,40,'81%'),('18020','CST305',43,32,'F',58,57,'75%'),('18020','CST309',31,49,'P',54,54,'82%'),('48320','CST301',44,48,'S',52,47,'89%'),('48320','CST307',37,36,'B+',58,45,'74%'),('48320','CST303',49,38,'A',51,51,'79%'),('48320','CST305',30,42,'A',58,49,'87%'),('48320','CST309',30,31,'C+',52,46,'85%'),('25920','CST301',44,47,'P',56,42,'94%'),('25920','CST307',38,40,'B',58,46,'88%'),('25920','CST303',33,44,'B+',51,48,'100%'),('25920','CST305',34,33,'D',60,44,'75%'),('25920','CST309',46,30,'B+',59,57,'95%'),('34620','CST301',35,43,'P',50,46,'78%'),('34620','CST307',34,31,'C',57,53,'93%'),('34620','CST303',41,32,'S',50,49,'100%'),('34620','CST305',45,47,'P',60,48,'75%'),('34620','CST309',30,46,'F',59,52,'86%'),('48420','CST301',37,49,'D',55,50,'77%'),('48420','CST307',34,44,'A',50,41,'97%'),('48420','CST303',49,47,'B',53,46,'71%'),('48420','CST305',29,48,'A+',60,53,'96%'),('48420','CST309',35,36,'B+',52,52,'70%'),('21220','CST301',33,30,'P',54,54,'91%'),('21220','CST307',33,36,'A',54,43,'95%'),('21220','CST303',37,48,'B',54,42,'94%'),('21220','CST305',43,36,'D+',55,49,'96%'),('21220','CST309',37,48,'C+',58,50,'89%'),('22620','CST301',28,45,'A+',50,48,'86%'),('22620','CST307',34,45,'S',58,52,'96%'),('22620','CST303',32,32,'A+',53,53,'72%'),('22620','CST305',33,44,'C+',55,50,'76%'),('22620','CST309',35,33,'A',50,50,'77%'),('26320','CST301',37,47,'C',55,55,'97%'),('26320','CST307',32,44,'B+',52,43,'93%'),('26320','CST303',30,37,'A+',55,45,'79%'),('26320','CST305',39,50,'A+',58,56,'78%'),('26320','CST309',48,39,'A',60,52,'72%'),('34720','CST301',32,33,'B+',55,45,'95%'),('34720','CST307',31,31,'S',51,51,'100%'),('34720','CST303',48,50,'B',57,47,'74%'),('34720','CST305',32,36,'B+',52,40,'97%'),('34720','CST309',38,50,'P',57,40,'70%'),('34820','CST301',47,29,'C',51,49,'88%'),('34820','CST307',48,31,'A',55,40,'80%'),('34820','CST303',34,39,'A+',60,43,'75%'),('34820','CST305',41,47,'P',59,57,'96%'),('34820','CST309',45,45,'A+',60,59,'92%'),('14320','CST301',37,45,'A',53,53,'95%'),('14320','CST307',29,44,'D',57,50,'92%'),('14320','CST303',31,43,'B',56,42,'84%'),('14320','CST305',40,30,'B+',55,50,'99%'),('14320','CST309',32,41,'C',50,43,'74%'),('34920','CST301',31,38,'B',58,58,'95%'),('34920','CST307',48,44,'B',58,54,'97%'),('34920','CST303',35,43,'B+',55,54,'80%'),('34920','CST305',38,41,'A',52,43,'77%'),('34920','CST309',36,32,'C',54,47,'99%'),('35020','CST301',35,42,'B',57,55,'79%'),('35020','CST307',48,45,'D+',53,43,'78%'),('35020','CST303',40,48,'S',51,51,'93%'),('35020','CST305',50,44,'D',57,40,'84%'),('35020','CST309',31,42,'P',53,45,'86%'),('21920','CST301',38,38,'A',59,57,'90%'),('21920','CST307',41,50,'A',54,54,'72%'),('21920','CST303',34,49,'B+',55,53,'99%'),('21920','CST305',49,46,'C+',55,51,'87%'),('21920','CST309',50,30,'B',51,51,'96%'),('48520','CST301',45,36,'A',58,58,'95%'),('48520','CST307',29,34,'B+',59,48,'78%'),('48520','CST303',45,35,'A',57,49,'80%'),('48520','CST305',31,34,'A',53,43,'92%'),('48520','CST309',33,34,'C+',50,50,'91%'),('35120','CST301',48,29,'D',55,43,'80%'),('35120','CST307',45,42,'D',57,53,'76%'),('35120','CST303',38,33,'B',58,45,'83%'),('35120','CST305',29,48,'C',53,53,'79%'),('35120','CST309',47,47,'D',54,47,'84%'),('20020','CST301',37,49,'B+',58,55,'77%'),('20020','CST307',36,41,'C',59,50,'73%'),('20020','CST303',34,31,'P',51,46,'86%'),('20020','CST305',45,42,'A',51,51,'76%'),('20020','CST309',32,31,'A+',53,46,'87%'),('48620','CST301',38,34,'A+',51,51,'79%'),('48620','CST307',33,33,'A',58,49,'95%'),('48620','CST303',50,40,'B',59,59,'71%'),('48620','CST305',35,37,'A+',59,58,'96%'),('48620','CST309',33,47,'S',55,44,'91%'),('48720','CST301',43,48,'C',53,53,'79%'),('48720','CST307',37,30,'D+',57,44,'94%'),('48720','CST303',36,40,'C+',55,55,'75%'),('48720','CST305',36,49,'B+',57,40,'80%'),('48720','CST309',40,32,'B+',54,49,'80%'),('21420','CST301',41,28,'B+',57,57,'99%'),('21420','CST307',29,31,'B',60,48,'83%'),('21420','CST303',34,47,'B+',51,46,'92%'),('21420','CST305',49,48,'C',52,52,'85%'),('21420','CST309',46,29,'A+',58,58,'78%'),('19820','CST301',33,32,'B+',56,54,'85%'),('19820','CST307',45,42,'S',55,44,'98%'),('19820','CST303',42,42,'D+',56,46,'96%'),('19820','CST305',44,41,'D+',53,49,'83%'),('19820','CST309',40,33,'C',53,44,'70%'),('21820','CST301',47,29,'D',55,47,'86%'),('21820','CST307',34,29,'C+',55,50,'79%'),('21820','CST303',48,50,'B+',58,42,'78%'),('21820','CST305',43,31,'P',57,54,'84%'),('21820','CST309',40,29,'D+',57,53,'94%'),('22320','CST301',30,44,'D',57,51,'95%'),('22320','CST307',35,37,'B+',55,44,'98%'),('22320','CST303',47,50,'S',58,42,'81%'),('22320','CST305',47,35,'C+',52,52,'90%'),('22320','CST309',31,49,'D',51,51,'82%'),('35220','CST301',47,48,'B+',52,50,'96%'),('35220','CST307',29,40,'D+',51,51,'82%'),('35220','CST303',41,46,'B+',54,42,'89%'),('35220','CST305',35,43,'A+',50,50,'83%'),('35220','CST309',46,29,'D+',59,50,'76%'),('21620','CST301',33,37,'D+',57,48,'94%'),('21620','CST307',47,32,'D+',60,40,'90%'),('21620','CST303',28,39,'A+',59,59,'92%'),('21620','CST305',41,41,'A',50,50,'72%'),('21620','CST309',49,47,'D',56,44,'97%'),('35320','CST301',32,33,'D+',54,47,'85%'),('35320','CST307',38,48,'D+',59,56,'71%'),('35320','CST303',38,29,'A',56,48,'78%'),('35320','CST305',43,47,'D',59,46,'89%'),('35320','CST309',40,41,'A+',50,46,'89%'),('27120','CST301',29,34,'B+',54,51,'74%'),('27120','CST307',40,38,'A',52,52,'95%'),('27120','CST303',34,46,'D+',54,43,'93%'),('27120','CST305',33,34,'B+',60,55,'88%'),('27120','CST309',38,33,'C',57,44,'91%'),('35420','CST301',47,36,'D+',55,54,'98%'),('35420','CST307',34,37,'C',59,47,'80%'),('35420','CST303',43,43,'C+',52,52,'74%'),('35420','CST305',45,29,'C+',50,50,'98%'),('35420','CST309',30,36,'B',55,48,'71%'),('31520','CST301',34,43,'D',59,43,'77%'),('31520','CST307',41,45,'A',57,46,'81%'),('31520','CST303',28,45,'C+',54,54,'95%'),('31520','CST305',37,39,'P',52,52,'88%'),('31520','CST309',33,49,'C+',58,42,'78%'),('22120','CST301',45,35,'P',54,54,'91%'),('22120','CST307',43,30,'C',53,40,'80%'),('22120','CST303',48,38,'B+',58,40,'95%'),('22120','CST305',37,29,'P',58,44,'91%'),('22120','CST309',44,45,'C+',57,54,'74%'),('48820','CST301',39,47,'C',59,49,'80%'),('48820','CST307',31,34,'C',53,53,'90%'),('48820','CST303',29,33,'B+',50,50,'89%'),('48820','CST305',33,44,'B',54,47,'72%'),('48820','CST309',46,33,'A',60,43,'88%'),('30020','CST301',50,34,'A+',55,53,'93%'),('30020','CST307',45,34,'A',51,51,'91%'),('30020','CST303',44,31,'B+',53,53,'82%'),('30020','CST305',40,33,'D+',54,54,'99%'),('30020','CST309',32,47,'D+',57,54,'79%'),('35520','CST301',32,38,'P',53,53,'75%'),('35520','CST307',32,35,'D',52,45,'91%'),('35520','CST303',41,47,'C',55,54,'84%'),('35520','CST305',36,45,'C',55,55,'97%'),('35520','CST309',29,43,'S',54,50,'90%'),('19920','CST301',33,43,'P',59,58,'79%'),('19920','CST307',33,41,'A',54,50,'84%'),('19920','CST303',46,31,'C',58,58,'77%'),('19920','CST305',47,36,'A',59,56,'88%'),('19920','CST309',33,31,'B',55,45,'98%'),('18920','CST301',41,34,'C+',57,49,'82%'),('18920','CST307',44,33,'B',52,52,'97%'),('18920','CST303',28,34,'B',58,49,'84%'),('18920','CST305',42,47,'B',58,44,'100%'),('18920','CST309',28,29,'S',57,57,'70%'),('31120','CST301',35,47,'S',59,58,'92%'),('31120','CST307',50,39,'D+',52,41,'98%'),('31120','CST303',31,32,'C+',57,55,'87%'),('31120','CST305',35,46,'S',55,53,'70%'),('31120','CST309',37,29,'B',59,40,'100%'),('31420','CST301',46,43,'B',59,40,'89%'),('31420','CST307',40,46,'C+',60,51,'88%'),('31420','CST303',44,46,'B',50,50,'93%'),('31420','CST305',35,32,'P',60,59,'100%'),('31420','CST309',38,31,'A+',57,52,'98%'),('39020','CST301',47,37,'D',57,43,'79%'),('39020','CST307',30,41,'P',53,53,'85%'),('39020','CST303',37,47,'C',57,46,'91%'),('39020','CST305',40,34,'C+',53,53,'94%'),('39020','CST309',47,44,'B',58,53,'78%'),('35620','CST301',39,35,'P',54,54,'85%'),('35620','CST307',35,31,'B',55,48,'100%'),('35620','CST303',36,40,'P',57,52,'95%'),('35620','CST305',42,32,'B+',53,44,'85%'),('35620','CST309',36,35,'A+',60,53,'88%'),('07120','CST301',42,47,'P',53,53,'80%'),('07120','CST307',38,34,'D',57,50,'90%'),('07120','CST303',48,32,'B+',59,47,'86%'),('07120','CST305',49,45,'B+',58,52,'80%'),('07120','CST309',30,44,'P',58,54,'93%'),('26020','CST301',39,45,'A',58,42,'83%'),('26020','CST307',49,31,'B',55,53,'78%'),('26020','CST303',41,46,'P',50,42,'85%'),('26020','CST305',48,36,'C+',52,52,'89%'),('26020','CST309',45,47,'A+',60,53,'78%'),('35720','CST301',29,38,'S',54,46,'96%'),('35720','CST307',46,38,'P',52,52,'72%'),('35720','CST303',29,48,'C',55,55,'75%'),('35720','CST305',42,31,'C+',60,42,'90%'),('35720','CST309',40,46,'D+',59,43,'94%'),('35820','CST301',47,47,'C+',58,45,'100%'),('35820','CST307',37,47,'C',52,52,'85%'),('35820','CST303',40,33,'D+',53,45,'74%'),('35820','CST305',49,43,'A',58,43,'73%'),('35820','CST309',30,35,'D',53,53,'71%'),('48920','CST301',46,39,'C+',56,42,'95%'),('48920','CST307',32,32,'C+',53,43,'76%'),('48920','CST303',49,42,'C',58,47,'73%'),('48920','CST305',33,41,'C',55,55,'85%'),('48920','CST309',49,34,'A',51,41,'98%'),('18320','CST301',44,49,'A',54,49,'76%'),('18320','CST307',29,42,'D+',54,54,'80%'),('18320','CST303',41,36,'D',54,40,'88%'),('18320','CST305',37,37,'S',60,59,'95%'),('18320','CST309',32,49,'A',53,43,'85%'),('16520','CST301',36,29,'S',54,47,'83%'),('16520','CST307',45,33,'P',55,55,'97%'),('16520','CST303',30,47,'A+',60,41,'85%'),('16520','CST305',42,49,'A',51,51,'81%'),('16520','CST309',44,31,'P',54,43,'74%');
/*!40000 ALTER TABLE `semester_5` ENABLE KEYS */;
UNLOCK TABLES;

--
-- Table structure for table `semester_6`
--

DROP TABLE IF EXISTS `semester_6`;
/*!40101 SET @saved_cs_client     = @@character_set_client */;
/*!50503 SET character_set_client = utf8mb4 */;
CREATE TABLE `semester_6` (
  `user_id` varchar(5) DEFAULT NULL,
  `subject` text,
  `series_1` int DEFAULT NULL,
  `series_2` int DEFAULT NULL,
  `grade` text,
  `total_periods` int DEFAULT NULL,
  `present` int DEFAULT NULL,
  `attendance_percentage` text
) ENGINE=InnoDB DEFAULT CHARSET=utf8mb4 COLLATE=utf8mb4_0900_ai_ci;
/*!40101 SET character_set_client = @saved_cs_client */;

--
-- Dumping data for table `semester_6`
--

LOCK TABLES `semester_6` WRITE;
/*!40000 ALTER TABLE `semester_6` DISABLE KEYS */;
INSERT INTO `semester_6` VALUES ('48220','CST302',36,48,'A+',59,54,'81%'),('48220','CST362',25,45,'C+',53,53,'78%'),('48220','CST304',39,36,'B+',51,45,'84%'),('48220','CST306',34,27,'A+',53,53,'92%'),('48220','HUT300',39,43,'C',56,45,'97%'),('34020','CST302',45,49,'C+',60,51,'83%'),('34020','CST362',46,31,'D+',52,52,'90%'),('34020','CST304',28,33,'D+',53,43,'100%'),('34020','CST306',31,33,'B',60,45,'71%'),('34020','HUT300',39,42,'C+',52,50,'95%'),('34120','CST302',33,35,'B',57,43,'70%'),('34120','CST362',23,39,'S',50,50,'97%'),('34120','CST304',30,37,'A+',59,48,'82%'),('34120','CST306',36,49,'P',52,41,'89%'),('34120','HUT300',34,27,'B+',50,50,'87%'),('17420','CST302',44,49,'A+',51,51,'73%'),('17420','CST362',47,27,'D',60,53,'73%'),('17420','CST304',41,36,'D+',55,53,'95%'),('17420','CST306',26,45,'C+',59,49,'76%'),('17420','HUT300',36,49,'B',52,43,'82%'),('23820','CST302',39,41,'D',50,50,'70%'),('23820','CST362',39,37,'B+',56,56,'72%'),('23820','CST304',42,34,'B+',55,55,'81%'),('23820','CST306',22,30,'A',60,58,'82%'),('23820','HUT300',32,31,'C+',55,52,'83%'),('34220','CST302',46,47,'B+',56,46,'86%'),('34220','CST362',32,32,'B+',52,51,'89%'),('34220','CST304',30,24,'S',51,48,'98%'),('34220','CST306',30,25,'P',58,58,'95%'),('34220','HUT300',41,40,'P',54,51,'72%'),('22020','CST302',37,36,'C',51,49,'78%'),('22020','CST362',24,50,'B+',56,56,'82%'),('22020','CST304',34,36,'A+',52,52,'78%'),('22020','CST306',38,35,'D',58,52,'92%'),('22020','HUT300',43,46,'B',56,43,'98%'),('18420','CST302',46,50,'P',52,46,'87%'),('18420','CST362',30,30,'B+',60,47,'88%'),('18420','CST304',39,26,'A+',51,50,'90%'),('18420','CST306',31,29,'C',53,53,'74%'),('18420','HUT300',35,26,'S',58,57,'86%'),('18220','CST302',35,32,'B',53,53,'78%'),('18220','CST362',30,42,'S',56,47,'76%'),('18220','CST304',27,37,'C',51,51,'80%'),('18220','CST306',46,27,'B+',54,54,'77%'),('18220','HUT300',23,45,'D',50,50,'88%'),('30120','CST302',26,33,'A+',51,51,'100%'),('30120','CST362',28,42,'C+',57,43,'74%'),('30120','CST304',28,47,'P',57,50,'70%'),('30120','CST306',25,25,'P',52,51,'75%'),('30120','HUT300',46,28,'D',53,47,'76%'),('19120','CST302',43,23,'P',53,40,'92%'),('19120','CST362',28,45,'C+',59,56,'79%'),('19120','CST304',27,29,'A+',57,47,'91%'),('19120','CST306',46,41,'B',53,53,'95%'),('19120','HUT300',30,24,'D+',55,50,'91%'),('34320','CST302',29,43,'B+',58,56,'72%'),('34320','CST362',29,24,'C',55,47,'91%'),('34320','CST304',23,37,'B+',51,43,'77%'),('34320','CST306',30,29,'A+',52,49,'79%'),('34320','HUT300',30,43,'B',54,52,'92%'),('32220','CST302',38,46,'P',56,52,'88%'),('32220','CST362',41,45,'C',51,51,'90%'),('32220','CST304',33,38,'A+',54,54,'75%'),('32220','CST306',36,34,'A+',58,53,'87%'),('32220','HUT300',41,49,'D',51,42,'77%'),('04120','CST302',23,44,'D',59,47,'74%'),('04120','CST362',31,41,'D+',50,50,'90%'),('04120','CST304',36,46,'B+',52,42,'81%'),('04120','CST306',26,47,'B',57,48,'97%'),('04120','HUT300',44,25,'C+',50,50,'79%'),('34420','CST302',28,33,'C+',52,50,'89%'),('34420','CST362',38,42,'A+',50,50,'75%'),('34420','CST304',22,30,'A',53,40,'100%'),('34420','CST306',31,26,'S',59,57,'90%'),('34420','HUT300',46,27,'A+',52,43,'97%'),('34520','CST302',38,41,'D',51,44,'87%'),('34520','CST362',47,37,'P',55,55,'84%'),('34520','CST304',35,45,'C+',52,52,'77%'),('34520','CST306',39,37,'C+',59,40,'99%'),('34520','HUT300',38,45,'A',50,50,'73%'),('18020','CST302',24,35,'A+',54,40,'95%'),('18020','CST362',27,26,'S',58,41,'97%'),('18020','CST304',33,26,'A+',60,40,'88%'),('18020','CST306',35,46,'P',59,57,'81%'),('18020','HUT300',24,29,'D',50,50,'70%'),('48320','CST302',31,45,'D',56,47,'82%'),('48320','CST362',44,47,'S',59,45,'71%'),('48320','CST304',39,24,'C+',58,51,'96%'),('48320','CST306',27,43,'D',56,49,'77%'),('48320','HUT300',41,32,'C+',60,46,'85%'),('25920','CST302',47,31,'A',57,42,'75%'),('25920','CST362',47,26,'D+',58,46,'80%'),('25920','CST304',31,48,'D+',60,48,'70%'),('25920','CST306',41,28,'C',55,44,'88%'),('25920','HUT300',32,33,'D+',59,57,'90%'),('34620','CST302',40,27,'A',60,46,'73%'),('34620','CST362',27,41,'S',54,53,'88%'),('34620','CST304',26,30,'D+',52,49,'90%'),('34620','CST306',42,33,'C+',50,48,'91%'),('34620','HUT300',46,37,'D+',53,52,'80%'),('48420','CST302',32,39,'B',51,50,'76%'),('48420','CST362',37,35,'S',58,41,'97%'),('48420','CST304',38,35,'C+',59,46,'85%'),('48420','CST306',38,30,'C+',54,53,'88%'),('48420','HUT300',46,43,'A+',50,50,'72%'),('21220','CST302',48,38,'B+',55,54,'95%'),('21220','CST362',49,30,'B',57,43,'84%'),('21220','CST304',31,45,'D',53,42,'92%'),('21220','CST306',39,37,'P',51,49,'93%'),('21220','HUT300',47,32,'S',56,50,'76%'),('22620','CST302',33,40,'B+',60,48,'81%'),('22620','CST362',44,22,'C',60,52,'93%'),('22620','CST304',25,40,'B+',60,53,'72%'),('22620','CST306',39,24,'P',55,50,'70%'),('22620','HUT300',24,24,'C',60,50,'88%'),('26320','CST302',31,28,'D+',60,55,'89%'),('26320','CST362',37,27,'D+',52,43,'79%'),('26320','CST304',39,47,'D+',51,45,'85%'),('26320','CST306',46,35,'B+',56,56,'77%'),('26320','HUT300',35,32,'A',54,52,'93%'),('34720','CST302',30,34,'A',57,45,'76%'),('34720','CST362',39,28,'C',57,51,'83%'),('34720','CST304',32,40,'D+',54,47,'91%'),('34720','CST306',25,50,'C',52,40,'75%'),('34720','HUT300',42,25,'B+',50,40,'88%'),('34820','CST302',25,31,'D+',56,49,'87%'),('34820','CST362',22,49,'B+',58,40,'82%'),('34820','CST304',25,31,'B+',55,43,'88%'),('34820','CST306',29,45,'B',52,52,'73%'),('34820','HUT300',45,47,'P',59,59,'98%'),('14320','CST302',36,31,'B',59,53,'83%'),('14320','CST362',46,38,'P',50,50,'79%'),('14320','CST304',33,35,'C+',56,42,'91%'),('14320','CST306',33,48,'A+',58,50,'100%'),('14320','HUT300',45,25,'S',51,43,'73%'),('34920','CST302',43,31,'B',55,55,'85%'),('34920','CST362',32,29,'D',50,50,'78%'),('34920','CST304',48,34,'C+',52,52,'70%'),('34920','CST306',28,42,'C',60,43,'95%'),('34920','HUT300',30,29,'A',53,47,'98%'),('35020','CST302',25,38,'A+',59,55,'90%'),('35020','CST362',36,35,'P',54,43,'92%'),('35020','CST304',32,32,'D',56,51,'92%'),('35020','CST306',28,46,'B+',51,40,'93%'),('35020','HUT300',24,45,'D+',51,45,'73%'),('21920','CST302',27,48,'C',53,53,'75%'),('21920','CST362',36,44,'D',60,54,'95%'),('21920','CST304',48,32,'A',50,50,'70%'),('21920','CST306',35,35,'C+',56,51,'83%'),('21920','HUT300',22,46,'C',60,51,'90%'),('48520','CST302',40,47,'D+',51,51,'89%'),('48520','CST362',41,30,'D+',59,48,'76%'),('48520','CST304',27,36,'P',52,49,'72%'),('48520','CST306',32,35,'B',56,43,'73%'),('48520','HUT300',31,37,'P',53,50,'88%'),('35120','CST302',37,22,'B',59,43,'98%'),('35120','CST362',43,43,'B',58,53,'70%'),('35120','CST304',40,47,'B',53,45,'72%'),('35120','CST306',38,32,'P',57,53,'97%'),('35120','HUT300',27,31,'D',56,47,'100%'),('20020','CST302',46,34,'C+',52,52,'97%'),('20020','CST362',40,31,'P',56,50,'74%'),('20020','CST304',39,33,'P',50,46,'80%'),('20020','CST306',25,27,'B',58,51,'79%'),('20020','HUT300',22,46,'P',56,46,'87%'),('48620','CST302',35,23,'D+',54,51,'76%'),('48620','CST362',30,30,'C',53,49,'86%'),('48620','CST304',26,37,'A+',59,59,'85%'),('48620','CST306',44,37,'D+',56,56,'87%'),('48620','HUT300',43,28,'D',53,44,'86%'),('48720','CST302',24,26,'B+',58,53,'97%'),('48720','CST362',39,27,'P',52,44,'83%'),('48720','CST304',47,45,'A+',52,52,'92%'),('48720','CST306',45,33,'D+',60,40,'84%'),('48720','HUT300',23,23,'A+',53,49,'86%'),('21420','CST302',22,31,'D+',57,57,'84%'),('21420','CST362',25,39,'S',59,48,'77%'),('21420','CST304',45,46,'A+',52,46,'95%'),('21420','CST306',43,36,'D+',51,51,'100%'),('21420','HUT300',29,36,'A+',60,58,'77%'),('19820','CST302',26,40,'S',55,54,'76%'),('19820','CST362',22,23,'C',50,44,'80%'),('19820','CST304',44,37,'P',54,46,'97%'),('19820','CST306',44,25,'P',50,49,'97%'),('19820','HUT300',34,24,'D',59,44,'72%'),('21820','CST302',45,41,'D',51,47,'88%'),('21820','CST362',44,25,'S',60,50,'83%'),('21820','CST304',45,50,'C',52,42,'79%'),('21820','CST306',26,48,'A',54,54,'96%'),('21820','HUT300',38,49,'C+',53,53,'84%'),('22320','CST302',33,48,'A',56,51,'92%'),('22320','CST362',39,32,'D',50,44,'90%'),('22320','CST304',38,50,'D+',51,42,'82%'),('22320','CST306',24,38,'A',59,52,'83%'),('22320','HUT300',44,44,'P',58,51,'78%'),('35220','CST302',43,31,'C+',51,50,'92%'),('35220','CST362',43,26,'A',57,51,'83%'),('35220','CST304',38,49,'D+',51,42,'94%'),('35220','CST306',40,40,'B+',55,50,'80%'),('35220','HUT300',27,45,'B',54,50,'97%'),('21620','CST302',38,35,'D+',50,48,'99%'),('21620','CST362',38,37,'B',60,40,'96%'),('21620','CST304',34,31,'C+',54,54,'85%'),('21620','CST306',30,32,'A+',52,50,'95%'),('21620','HUT300',40,47,'B',53,44,'91%'),('35320','CST302',25,23,'A',52,47,'98%'),('35320','CST362',39,46,'C',58,56,'98%'),('35320','CST304',30,43,'A',52,48,'91%'),('35320','CST306',29,29,'B',53,46,'71%'),('35320','HUT300',28,24,'B+',52,46,'83%'),('27120','CST302',30,30,'B+',51,51,'83%'),('27120','CST362',41,32,'D+',59,52,'98%'),('27120','CST304',28,31,'A+',57,43,'99%'),('27120','CST306',27,36,'B',56,55,'93%'),('27120','HUT300',34,31,'A+',53,44,'71%'),('35420','CST302',29,36,'C',56,54,'97%'),('35420','CST362',27,50,'D+',52,47,'71%'),('35420','CST304',47,37,'P',53,52,'88%'),('35420','CST306',36,26,'B',54,50,'85%'),('35420','HUT300',27,33,'A',50,48,'84%'),('31520','CST302',37,23,'B+',60,43,'96%'),('31520','CST362',37,28,'P',54,46,'97%'),('31520','CST304',25,43,'C',57,54,'79%'),('31520','CST306',41,35,'B',52,52,'92%'),('31520','HUT300',28,22,'C+',57,42,'71%'),('22120','CST302',27,38,'P',56,54,'87%'),('22120','CST362',26,30,'D+',57,40,'96%'),('22120','CST304',28,48,'P',58,40,'84%'),('22120','CST306',32,33,'D+',60,44,'99%'),('22120','HUT300',49,44,'A',58,54,'99%'),('48820','CST302',41,35,'B+',56,49,'96%'),('48820','CST362',30,32,'C',50,50,'78%'),('48820','CST304',37,47,'C+',51,50,'78%'),('48820','CST306',47,48,'P',56,47,'89%'),('48820','HUT300',37,37,'C+',58,43,'88%'),('30020','CST302',36,28,'D',59,53,'74%'),('30020','CST362',28,48,'A',52,51,'94%'),('30020','CST304',36,43,'B',53,53,'86%'),('30020','CST306',44,24,'D+',58,54,'82%'),('30020','HUT300',24,46,'B+',56,54,'73%'),('35520','CST302',46,42,'A',59,53,'72%'),('35520','CST362',29,36,'B+',52,45,'90%'),('35520','CST304',32,41,'S',52,52,'97%'),('35520','CST306',29,23,'P',53,53,'98%'),('35520','HUT300',46,44,'D',54,50,'77%'),('19920','CST302',35,26,'B',52,52,'75%'),('19920','CST362',45,26,'A+',52,50,'97%'),('19920','CST304',41,32,'C+',60,58,'80%'),('19920','CST306',47,40,'S',59,56,'92%'),('19920','HUT300',43,50,'P',58,45,'78%'),('18920','CST302',37,23,'C',56,49,'92%'),('18920','CST362',31,25,'S',50,50,'80%'),('18920','CST304',29,37,'B',56,49,'73%'),('18920','CST306',39,35,'S',56,44,'90%'),('18920','HUT300',42,34,'D+',59,57,'88%'),('31120','CST302',36,34,'A',54,54,'81%'),('31120','CST362',31,48,'D',53,41,'92%'),('31120','CST304',34,29,'B',60,55,'89%'),('31120','CST306',23,39,'D+',55,53,'71%'),('31120','HUT300',45,37,'P',53,40,'88%'),('31420','CST302',44,34,'A',56,40,'95%'),('31420','CST362',44,44,'B+',54,51,'75%'),('31420','CST304',34,38,'B+',59,50,'90%'),('31420','CST306',32,27,'A+',54,54,'94%'),('31420','HUT300',28,48,'D+',57,52,'85%'),('39020','CST302',24,34,'C',52,43,'80%'),('39020','CST362',29,28,'P',50,50,'74%'),('39020','CST304',26,23,'B',56,46,'89%'),('39020','CST306',44,49,'A',57,53,'76%'),('39020','HUT300',41,37,'B+',60,53,'76%'),('35620','CST302',33,23,'B',50,50,'70%'),('35620','CST362',23,28,'P',53,48,'97%'),('35620','CST304',32,36,'S',50,50,'85%'),('35620','CST306',30,27,'P',59,44,'99%'),('35620','HUT300',30,46,'C',52,52,'74%'),('07120','CST302',23,29,'B+',59,53,'72%'),('07120','CST362',27,38,'A+',58,50,'97%'),('07120','CST304',36,31,'D+',55,47,'84%'),('07120','CST306',45,33,'B+',54,52,'83%'),('07120','HUT300',48,45,'C',55,54,'92%'),('26020','CST302',41,44,'D',54,42,'94%'),('26020','CST362',48,43,'B',60,53,'79%'),('26020','CST304',26,28,'S',51,42,'80%'),('26020','CST306',43,32,'C',53,52,'80%'),('26020','HUT300',46,47,'B+',60,53,'95%'),('35720','CST302',32,39,'P',59,46,'100%'),('35720','CST362',31,48,'A+',60,52,'82%'),('35720','CST304',39,39,'B+',60,55,'91%'),('35720','CST306',31,32,'B+',52,42,'88%'),('35720','HUT300',47,44,'A',58,43,'81%'),('35820','CST302',31,46,'B',60,45,'74%'),('35820','CST362',41,26,'A',60,52,'97%'),('35820','CST304',27,32,'S',58,45,'97%'),('35820','CST306',37,25,'C+',56,43,'100%'),('35820','HUT300',34,42,'A+',54,53,'76%'),('48920','CST302',45,47,'A+',59,42,'74%'),('48920','CST362',42,35,'C+',51,43,'78%'),('48920','CST304',31,44,'C',52,47,'89%'),('48920','CST306',34,46,'B+',54,54,'95%'),('48920','HUT300',37,45,'C+',56,41,'81%'),('18320','CST302',25,37,'D+',51,49,'95%'),('18320','CST362',43,41,'B+',54,54,'99%'),('18320','CST304',48,26,'D',50,40,'80%'),('18320','CST306',41,36,'P',53,53,'87%'),('18320','HUT300',35,27,'A',55,43,'73%'),('16520','CST302',27,28,'P',54,47,'73%'),('16520','CST362',34,43,'B',53,53,'100%'),('16520','CST304',36,42,'P',53,41,'98%'),('16520','CST306',28,38,'C',51,51,'81%'),('16520','HUT300',29,35,'D+',50,43,'98%');
/*!40000 ALTER TABLE `semester_6` ENABLE KEYS */;
UNLOCK TABLES;
/*!40103 SET TIME_ZONE=@OLD_TIME_ZONE */;

/*!40101 SET SQL_MODE=@OLD_SQL_MODE */;
/*!40014 SET FOREIGN_KEY_CHECKS=@OLD_FOREIGN_KEY_CHECKS */;
/*!40014 SET UNIQUE_CHECKS=@OLD_UNIQUE_CHECKS */;
/*!40101 SET CHARACTER_SET_CLIENT=@OLD_CHARACTER_SET_CLIENT */;
/*!40101 SET CHARACTER_SET_RESULTS=@OLD_CHARACTER_SET_RESULTS */;
/*!40101 SET COLLATION_CONNECTION=@OLD_COLLATION_CONNECTION */;
/*!40111 SET SQL_NOTES=@OLD_SQL_NOTES */;

-- Dump completed on 2023-06-12 19:32:36
